=== startup Thu Sep 10 02:42:03 PM CEST 2026 DATASET=GSE174573 runs=24 threads=16 ===
=== SRR14570256 download ===
[#9d8e07 0B/0B CN:1 DL:0B]
[#9d8e07 0B/0B CN:1 DL:0B]
[#9d8e07 0B/0B CN:1 DL:0B]
[#9d8e07 2.0MiB/588MiB(0%) CN:16 DL:8.0MiB ETA:1m13s]
[#9d8e07 21MiB/588MiB(3%) CN:16 DL:16MiB ETA:33s]
[#9d8e07 37MiB/588MiB(6%) CN:16 DL:16MiB ETA:33s]
[#9d8e07 51MiB/588MiB(8%) CN:16 DL:15MiB ETA:35s]
[#9d8e07 65MiB/588MiB(11%) CN:16 DL:14MiB ETA:35s]
[#9d8e07 78MiB/588MiB(13%) CN:16 DL:14MiB ETA:35s]
[#9d8e07 93MiB/588MiB(15%) CN:16 DL:14MiB ETA:34s]
[#9d8e07 106MiB/588MiB(18%) CN:16 DL:14MiB ETA:33s]
[#9d8e07 121MiB/588MiB(20%) CN:16 DL:14MiB ETA:32s]
[#9d8e07 134MiB/588MiB(22%) CN:16 DL:14MiB ETA:32s]
[#9d8e07 145MiB/588MiB(24%) CN:16 DL:13MiB ETA:32s]
[#9d8e07 158MiB/588MiB(26%) CN:16 DL:13MiB ETA:32s]
[#9d8e07 172MiB/588MiB(29%) CN:16 DL:12MiB ETA:32s]
[#9d8e07 186MiB/588MiB(31%) CN:16 DL:13MiB ETA:30s]
[#9d8e07 200MiB/588MiB(33%) CN:16 DL:13MiB ETA:29s]
[#9d8e07 214MiB/588MiB(36%) CN:16 DL:13MiB ETA:28s]
[#9d8e07 228MiB/588MiB(38%) CN:16 DL:12MiB ETA:27s]
[#9d8e07 242MiB/588MiB(41%) CN:16 DL:13MiB ETA:26s]
[#9d8e07 246MiB/588MiB(41%) CN:16 DL:12MiB ETA:28s]
[#9d8e07 258MiB/588MiB(43%) CN:16 DL:12MiB ETA:26s]
[#9d8e07 271MiB/588MiB(46%) CN:16 DL:12MiB ETA:25s]
[#9d8e07 286MiB/588MiB(48%) CN:16 DL:12MiB ETA:24s]
[#9d8e07 300MiB/588MiB(51%) CN:16 DL:12MiB ETA:23s]
[#9d8e07 309MiB/588MiB(52%) CN:16 DL:11MiB ETA:23s]
[#9d8e07 314MiB/588MiB(53%) CN:16 DL:10MiB ETA:25s]
[#9d8e07 322MiB/588MiB(54%) CN:16 DL:9.9MiB ETA:26s]
[#9d8e07 335MiB/588MiB(57%) CN:16 DL:9.6MiB ETA:26s]
[#9d8e07 349MiB/588MiB(59%) CN:16 DL:10MiB ETA:22s]
[#9d8e07 354MiB/588MiB(60%) CN:16 DL:10MiB ETA:23s]
[#9d8e07 359MiB/588MiB(61%) CN:16 DL:9.1MiB ETA:25s]
[#9d8e07 364MiB/588MiB(61%) CN:16 DL:8.0MiB ETA:27s]
[#9d8e07 375MiB/588MiB(63%) CN:16 DL:7.8MiB ETA:27s]
[#9d8e07 393MiB/588MiB(66%) CN:16 DL:8.8MiB ETA:22s]
[#9d8e07 410MiB/588MiB(69%) CN:16 DL:10MiB ETA:17s]
[#9d8e07 427MiB/588MiB(72%) CN:16 DL:11MiB ETA:14s]
[#9d8e07 445MiB/588MiB(75%) CN:16 DL:11MiB ETA:12s]
[#9d8e07 464MiB/588MiB(78%) CN:16 DL:12MiB ETA:10s]
[#9d8e07 481MiB/588MiB(81%) CN:16 DL:13MiB ETA:7s]
[#9d8e07 499MiB/588MiB(84%) CN:16 DL:15MiB ETA:5s]
[#9d8e07 516MiB/588MiB(87%) CN:16 DL:16MiB ETA:4s]
[#9d8e07 534MiB/588MiB(90%) CN:16 DL:17MiB ETA:3s]
[#9d8e07 550MiB/588MiB(93%) CN:11 DL:16MiB ETA:2s]
[#9d8e07 566MiB/588MiB(96%) CN:7 DL:16MiB ETA:1s]
[#9d8e07 578MiB/588MiB(98%) CN:2 DL:16MiB]
[#9d8e07 580MiB/588MiB(98%) CN:1 DL:14MiB]
[#9d8e07 581MiB/588MiB(98%) CN:1 DL:12MiB]
[#9d8e07 581MiB/588MiB(98%) CN:1 DL:10MiB]
[#9d8e07 581MiB/588MiB(98%) CN:1 DL:8.5MiB]
[#9d8e07 581MiB/588MiB(98%) CN:1 DL:6.5MiB ETA:1s]
[#9d8e07 582MiB/588MiB(99%) CN:1 DL:4.9MiB ETA:1s]
[#9d8e07 588MiB/588MiB(99%) CN:1 DL:2.3MiB]
[#9d8e07 588MiB/588MiB(99%) CN:1 DL:1.0MiB]
[#9d8e07 588MiB/588MiB(99%) CN:1 DL:863KiB]
 *** Download Progress Summary as of Thu Sep 10 14:43:04 2026 *** 
===============================================================================
[#9d8e07 588MiB/588MiB(99%) CN:1 DL:1.0MiB]
FILE: /home/xi/tmp//home/xi/tmp/plant_m6A_data/GSE174573/fastq/SRR14570256_1.fastq.gz.part
-------------------------------------------------------------------------------

[#9d8e07 588MiB/588MiB(99%) CN:1 DL:1.0MiB]

Download Results:
gid   |stat|avg speed  |path/URI
======+====+===========+=======================================================
9d8e07|OK  |    10MiB/s|/home/xi/tmp//home/xi/tmp/plant_m6A_data/GSE174573/fastq/SRR14570256_1.fastq.gz.part

Status Legend:
(OK):download completed.
[#7a192b 0B/0B CN:1 DL:0B]
[#7a192b 0B/0B CN:1 DL:0B]
[#7a192b 0B/0B CN:1 DL:0B]
[#7a192b 0B/0B CN:1 DL:0B]
[#7a192b 0B/0B CN:1 DL:0B]
[#7a192b 0B/0B CN:1 DL:0B]
[#7a192b 0B/0B CN:1 DL:0B]

Download Results:
gid   |stat|avg speed  |path/URI
======+====+===========+=======================================================
7a192b|OK  |   261KiB/s|/home/xi/tmp//home/xi/tmp/plant_m6A_data/GSE174573/fastq/SRR14570256_2.fastq.gz.part

Status Legend:
(OK):download completed.
=== SRR14570257 download ===
=== startup Thu Sep 10 02:43:51 PM CEST 2026 DATASET=GSE174573 runs=24 threads=16 ===
=== SRR14570256 download ===
[#43592f 0B/0B CN:1 DL:0B]
[#43592f 0B/0B CN:1 DL:0B]
[#43592f 0B/0B CN:1 DL:0B]
[#43592f 112KiB/588MiB(0%) CN:16 DL:1.6MiB ETA:6m6s]
[#43592f 3.0MiB/588MiB(0%) CN:16 DL:2.7MiB ETA:3m35s]
[#43592f 5.8MiB/588MiB(1%) CN:16 DL:2.7MiB ETA:3m28s]
[#43592f 8.5MiB/588MiB(1%) CN:16 DL:2.7MiB ETA:3m31s]
[#43592f 11MiB/588MiB(1%) CN:16 DL:2.7MiB ETA:3m33s]
[#43592f 24MiB/588MiB(4%) CN:16 DL:4.7MiB ETA:1m59s]
[#43592f 43MiB/588MiB(7%) CN:16 DL:7.0MiB ETA:1m16s]
[#43592f 59MiB/588MiB(10%) CN:16 DL:8.3MiB ETA:1m3s]
[#43592f 76MiB/588MiB(12%) CN:16 DL:9.3MiB ETA:54s]
[#43592f 93MiB/588MiB(15%) CN:16 DL:10MiB ETA:48s]
[#43592f 111MiB/588MiB(18%) CN:16 DL:11MiB ETA:40s]
[#43592f 127MiB/588MiB(21%) CN:16 DL:13MiB ETA:34s]
[#43592f 143MiB/588MiB(24%) CN:16 DL:14MiB ETA:30s]
[#43592f 160MiB/588MiB(27%) CN:16 DL:16MiB ETA:26s]
[#43592f 179MiB/588MiB(30%) CN:16 DL:17MiB ETA:23s]
[#43592f 197MiB/588MiB(33%) CN:16 DL:17MiB ETA:22s]
[#43592f 214MiB/588MiB(36%) CN:16 DL:16MiB ETA:22s]
[#43592f 230MiB/588MiB(39%) CN:16 DL:16MiB ETA:21s]
[#43592f 251MiB/588MiB(42%) CN:16 DL:17MiB ETA:19s]
[#43592f 268MiB/588MiB(45%) CN:16 DL:17MiB ETA:18s]
[#43592f 286MiB/588MiB(48%) CN:16 DL:17MiB ETA:17s]
[#43592f 303MiB/588MiB(51%) CN:16 DL:17MiB ETA:16s]
[#43592f 323MiB/588MiB(54%) CN:16 DL:17MiB ETA:15s]
[#43592f 341MiB/588MiB(58%) CN:16 DL:17MiB ETA:14s]
[#43592f 358MiB/588MiB(60%) CN:16 DL:17MiB ETA:13s]
[#43592f 375MiB/588MiB(63%) CN:16 DL:17MiB ETA:12s]
[#43592f 395MiB/588MiB(67%) CN:16 DL:17MiB ETA:10s]
[#43592f 413MiB/588MiB(70%) CN:16 DL:17MiB ETA:9s]
[#43592f 429MiB/588MiB(72%) CN:15 DL:17MiB ETA:9s]
[#43592f 447MiB/588MiB(76%) CN:15 DL:17MiB ETA:7s]
[#43592f 464MiB/588MiB(78%) CN:15 DL:17MiB ETA:7s]
[#43592f 480MiB/588MiB(81%) CN:15 DL:17MiB ETA:6s]
[#43592f 500MiB/588MiB(84%) CN:15 DL:17MiB ETA:5s]
[#43592f 518MiB/588MiB(88%) CN:15 DL:17MiB ETA:4s]
[#43592f 535MiB/588MiB(90%) CN:15 DL:17MiB ETA:3s]
[#43592f 554MiB/588MiB(94%) CN:15 DL:17MiB ETA:1s]
[#43592f 573MiB/588MiB(97%) CN:14 DL:17MiB]
[#43592f 587MiB/588MiB(99%) CN:2 DL:17MiB]

Download Results:
gid   |stat|avg speed  |path/URI
======+====+===========+=======================================================
43592f|OK  |    15MiB/s|/home/xi/tmp/plant_m6A_data/GSE174573/fastq/SRR14570256_1.fastq.gz.part

Status Legend:
(OK):download completed.
[#b247d4 0B/0B CN:1 DL:0B]
[#b247d4 0B/0B CN:1 DL:0B]
[#b247d4 0B/0B CN:1 DL:0B]
[#b247d4 0B/0B CN:1 DL:0B]
[#b247d4 0B/0B CN:1 DL:0B]
[#b247d4 0B/0B CN:1 DL:0B]

Download Results:
gid   |stat|avg speed  |path/URI
======+====+===========+=======================================================
b247d4|OK  |   391KiB/s|/home/xi/tmp/plant_m6A_data/GSE174573/fastq/SRR14570256_2.fastq.gz.part

Status Legend:
(OK):download completed.
=== SRR14570257 download ===
[#531ed0 1.7MiB/629MiB(0%) CN:16 DL:5.5MiB ETA:1m53s]
[#531ed0 18MiB/629MiB(2%) CN:16 DL:13MiB ETA:45s]
[#531ed0 33MiB/629MiB(5%) CN:16 DL:14MiB ETA:42s]
[#531ed0 49MiB/629MiB(7%) CN:16 DL:14MiB ETA:39s]
[#531ed0 67MiB/629MiB(10%) CN:16 DL:15MiB ETA:36s]
[#531ed0 87MiB/629MiB(13%) CN:16 DL:16MiB ETA:33s]
[#531ed0 105MiB/629MiB(16%) CN:16 DL:16MiB ETA:32s]
[#531ed0 125MiB/629MiB(19%) CN:16 DL:16MiB ETA:30s]
[#531ed0 142MiB/629MiB(22%) CN:16 DL:16MiB ETA:29s]
[#531ed0 160MiB/629MiB(25%) CN:16 DL:16MiB ETA:28s]
[#531ed0 177MiB/629MiB(28%) CN:16 DL:17MiB ETA:26s]
[#531ed0 195MiB/629MiB(30%) CN:16 DL:16MiB ETA:25s]
[#531ed0 215MiB/629MiB(34%) CN:16 DL:17MiB ETA:23s]
[#531ed0 231MiB/629MiB(36%) CN:16 DL:17MiB ETA:22s]
[#531ed0 248MiB/629MiB(39%) CN:16 DL:17MiB ETA:21s]
[#531ed0 266MiB/629MiB(42%) CN:16 DL:17MiB ETA:20s]
[#531ed0 285MiB/629MiB(45%) CN:16 DL:17MiB ETA:19s]
[#531ed0 302MiB/629MiB(48%) CN:16 DL:17MiB ETA:19s]
[#531ed0 320MiB/629MiB(50%) CN:16 DL:17MiB ETA:18s]
[#531ed0 337MiB/629MiB(53%) CN:16 DL:17MiB ETA:17s]
[#531ed0 355MiB/629MiB(56%) CN:16 DL:17MiB ETA:16s]
[#531ed0 375MiB/629MiB(59%) CN:16 DL:17MiB ETA:14s]
[#531ed0 392MiB/629MiB(62%) CN:16 DL:17MiB ETA:13s]
[#531ed0 409MiB/629MiB(65%) CN:16 DL:17MiB ETA:12s]
[#531ed0 427MiB/629MiB(67%) CN:16 DL:17MiB ETA:11s]
[#531ed0 445MiB/629MiB(70%) CN:16 DL:17MiB ETA:10s]
[#531ed0 461MiB/629MiB(73%) CN:16 DL:17MiB ETA:9s]
[#531ed0 478MiB/629MiB(75%) CN:16 DL:17MiB ETA:8s]
[#531ed0 496MiB/629MiB(78%) CN:16 DL:17MiB ETA:7s]
[#531ed0 513MiB/629MiB(81%) CN:16 DL:17MiB ETA:6s]
[#531ed0 531MiB/629MiB(84%) CN:16 DL:17MiB ETA:5s]
[#531ed0 551MiB/629MiB(87%) CN:16 DL:17MiB ETA:4s]
[#531ed0 568MiB/629MiB(90%) CN:16 DL:17MiB ETA:3s]
[#531ed0 586MiB/629MiB(93%) CN:16 DL:17MiB ETA:2s]
[#531ed0 605MiB/629MiB(96%) CN:15 DL:17MiB ETA:1s]
[#531ed0 619MiB/629MiB(98%) CN:10 DL:17MiB]

Download Results:
gid   |stat|avg speed  |path/URI
======+====+===========+=======================================================
531ed0|OK  |    17MiB/s|/home/xi/tmp/plant_m6A_data/GSE174573/fastq/SRR14570257_1.fastq.gz.part

Status Legend:
(OK):download completed.
[#c8d0c1 0B/0B CN:1 DL:0B]
[#c8d0c1 0B/0B CN:1 DL:0B]
[#c8d0c1 624KiB/656MiB(0%) CN:16 DL:3.5MiB ETA:3m6s]
[#c8d0c1 23MiB/656MiB(3%) CN:16 DL:19MiB ETA:32s]
[#c8d0c1 40MiB/656MiB(6%) CN:16 DL:17MiB ETA:35s]
[#c8d0c1 56MiB/656MiB(8%) CN:16 DL:16MiB ETA:35s]
[#c8d0c1 72MiB/656MiB(11%) CN:16 DL:16MiB ETA:35s]
[#c8d0c1 91MiB/656MiB(13%) CN:16 DL:16MiB ETA:33s]
[#c8d0c1 107MiB/656MiB(16%) CN:16 DL:16MiB ETA:32s]
[#c8d0c1 124MiB/656MiB(18%) CN:16 DL:16MiB ETA:32s]
[#c8d0c1 140MiB/656MiB(21%) CN:16 DL:16MiB ETA:31s]
[#c8d0c1 158MiB/656MiB(24%) CN:16 DL:16MiB ETA:30s]
[#c8d0c1 174MiB/656MiB(26%) CN:16 DL:16MiB ETA:28s]
[#c8d0c1 193MiB/656MiB(29%) CN:16 DL:16MiB ETA:27s]
[#c8d0c1 213MiB/656MiB(32%) CN:16 DL:16MiB ETA:26s]
[#c8d0c1 232MiB/656MiB(35%) CN:16 DL:16MiB ETA:25s]
[#c8d0c1 248MiB/656MiB(37%) CN:16 DL:16MiB ETA:24s]
[#c8d0c1 264MiB/656MiB(40%) CN:16 DL:16MiB ETA:23s]
[#c8d0c1 283MiB/656MiB(43%) CN:16 DL:17MiB ETA:21s]
[#c8d0c1 299MiB/656MiB(45%) CN:16 DL:17MiB ETA:20s]
[#c8d0c1 316MiB/656MiB(48%) CN:16 DL:17MiB ETA:19s]
[#c8d0c1 332MiB/656MiB(50%) CN:16 DL:16MiB ETA:19s]
[#c8d0c1 350MiB/656MiB(53%) CN:16 DL:17MiB ETA:17s]
[#c8d0c1 373MiB/656MiB(56%) CN:16 DL:17MiB ETA:16s]
[#c8d0c1 391MiB/656MiB(59%) CN:16 DL:17MiB ETA:15s]
[#c8d0c1 407MiB/656MiB(62%) CN:16 DL:16MiB ETA:14s]
[#c8d0c1 425MiB/656MiB(64%) CN:16 DL:17MiB ETA:13s]
[#c8d0c1 442MiB/656MiB(67%) CN:16 DL:17MiB ETA:12s]
[#c8d0c1 464MiB/656MiB(70%) CN:16 DL:17MiB ETA:10s]
[#c8d0c1 481MiB/656MiB(73%) CN:16 DL:17MiB ETA:9s]
[#c8d0c1 497MiB/656MiB(75%) CN:16 DL:17MiB ETA:9s]
[#c8d0c1 516MiB/656MiB(78%) CN:16 DL:17MiB ETA:7s]
[#c8d0c1 532MiB/656MiB(81%) CN:16 DL:17MiB ETA:7s]
[#c8d0c1 548MiB/656MiB(83%) CN:16 DL:17MiB ETA:6s]
[#c8d0c1 566MiB/656MiB(86%) CN:16 DL:17MiB ETA:5s]
[#c8d0c1 589MiB/656MiB(89%) CN:16 DL:17MiB ETA:3s]
[#c8d0c1 608MiB/656MiB(92%) CN:16 DL:17MiB ETA:2s]
[#c8d0c1 624MiB/656MiB(95%) CN:16 DL:17MiB ETA:1s]
[#c8d0c1 642MiB/656MiB(97%) CN:10 DL:17MiB]
[#c8d0c1 653MiB/656MiB(99%) CN:4 DL:16MiB]
[#c8d0c1 655MiB/656MiB(99%) CN:4 DL:14MiB]
[#c8d0c1 656MiB/656MiB(99%) CN:2 DL:11MiB]

Download Results:
gid   |stat|avg speed  |path/URI
======+====+===========+=======================================================
c8d0c1|OK  |    15MiB/s|/home/xi/tmp/plant_m6A_data/GSE174573/fastq/SRR14570257_2.fastq.gz.part

Status Legend:
(OK):download completed.
=== SRR14570257 fastp ===
=== SRR14570257 hisat2 ===
[bam_sort_core] merging from 1 files and 4 in-memory blocks...
=== SRR14570258 download ===
[#d2a144 0B/0B CN:1 DL:0B]
[#d2a144 720KiB/0.9GiB(0%) CN:16 DL:3.9MiB ETA:4m4s]
[#d2a144 18MiB/0.9GiB(1%) CN:16 DL:15MiB ETA:1m2s]
[#d2a144 37MiB/0.9GiB(3%) CN:16 DL:17MiB ETA:54s]
[#d2a144 56MiB/0.9GiB(5%) CN:16 DL:17MiB ETA:52s]
[#d2a144 75MiB/0.9GiB(7%) CN:16 DL:17MiB ETA:49s]
[#d2a144 92MiB/0.9GiB(9%) CN:16 DL:17MiB ETA:49s]
[#d2a144 111MiB/0.9GiB(11%) CN:16 DL:17MiB ETA:47s]
[#d2a144 128MiB/0.9GiB(13%) CN:16 DL:17MiB ETA:47s]
[#d2a144 148MiB/0.9GiB(15%) CN:16 DL:17MiB ETA:45s]
[#d2a144 167MiB/0.9GiB(17%) CN:16 DL:17MiB ETA:43s]
[#d2a144 187MiB/0.9GiB(19%) CN:16 DL:18MiB ETA:41s]
[#d2a144 207MiB/0.9GiB(21%) CN:16 DL:18MiB ETA:40s]
[#d2a144 227MiB/0.9GiB(23%) CN:16 DL:18MiB ETA:38s]
[#d2a144 247MiB/0.9GiB(25%) CN:16 DL:18MiB ETA:37s]
[#d2a144 267MiB/0.9GiB(27%) CN:16 DL:19MiB ETA:36s]
[#d2a144 287MiB/0.9GiB(29%) CN:16 DL:19MiB ETA:34s]
[#d2a144 305MiB/0.9GiB(31%) CN:16 DL:19MiB ETA:33s]
[#d2a144 326MiB/0.9GiB(34%) CN:16 DL:19MiB ETA:32s]
[#d2a144 345MiB/0.9GiB(36%) CN:16 DL:19MiB ETA:31s]
[#d2a144 362MiB/0.9GiB(37%) CN:16 DL:19MiB ETA:31s]
[#d2a144 381MiB/0.9GiB(39%) CN:16 DL:19MiB ETA:30s]
[#d2a144 399MiB/0.9GiB(41%) CN:16 DL:18MiB ETA:29s]
[#d2a144 418MiB/0.9GiB(43%) CN:16 DL:18MiB ETA:29s]
[#d2a144 437MiB/0.9GiB(45%) CN:16 DL:18MiB ETA:28s]
[#d2a144 455MiB/0.9GiB(47%) CN:16 DL:18MiB ETA:27s]
[#d2a144 473MiB/0.9GiB(49%) CN:16 DL:18MiB ETA:26s]
[#d2a144 491MiB/0.9GiB(51%) CN:16 DL:18MiB ETA:25s]
[#d2a144 510MiB/0.9GiB(53%) CN:16 DL:18MiB ETA:24s]
[#d2a144 529MiB/0.9GiB(55%) CN:16 DL:18MiB ETA:23s]
[#d2a144 549MiB/0.9GiB(57%) CN:16 DL:18MiB ETA:22s]
[#d2a144 570MiB/0.9GiB(59%) CN:16 DL:18MiB ETA:20s]
[#d2a144 589MiB/0.9GiB(61%) CN:16 DL:18MiB ETA:19s]
[#d2a144 608MiB/0.9GiB(63%) CN:16 DL:18MiB ETA:18s]
[#d2a144 627MiB/0.9GiB(65%) CN:16 DL:18MiB ETA:17s]
[#d2a144 647MiB/0.9GiB(67%) CN:16 DL:19MiB ETA:16s]
[#d2a144 666MiB/0.9GiB(69%) CN:16 DL:19MiB ETA:15s]
[#d2a144 686MiB/0.9GiB(71%) CN:16 DL:19MiB ETA:14s]
[#d2a144 707MiB/0.9GiB(73%) CN:16 DL:19MiB ETA:12s]
[#d2a144 727MiB/0.9GiB(75%) CN:16 DL:19MiB ETA:11s]
[#d2a144 745MiB/0.9GiB(77%) CN:16 DL:19MiB ETA:11s]
[#d2a144 763MiB/0.9GiB(79%) CN:16 DL:18MiB ETA:10s]
[#d2a144 782MiB/0.9GiB(81%) CN:16 DL:19MiB ETA:9s]
[#d2a144 803MiB/0.9GiB(83%) CN:16 DL:19MiB ETA:8s]
[#d2a144 822MiB/0.9GiB(85%) CN:16 DL:19MiB ETA:7s]
[#d2a144 840MiB/0.9GiB(87%) CN:16 DL:18MiB ETA:6s]
[#d2a144 857MiB/0.9GiB(89%) CN:16 DL:18MiB ETA:5s]
[#d2a144 877MiB/0.9GiB(91%) CN:16 DL:18MiB ETA:4s]
[#d2a144 894MiB/0.9GiB(93%) CN:16 DL:18MiB ETA:3s]
[#d2a144 913MiB/0.9GiB(95%) CN:15 DL:18MiB ETA:2s]
[#d2a144 0.9GiB/0.9GiB(97%) CN:12 DL:18MiB ETA:1s]
[#d2a144 0.9GiB/0.9GiB(99%) CN:11 DL:18MiB]
[#d2a144 0.9GiB/0.9GiB(99%) CN:11 DL:15MiB]
[#d2a144 0.9GiB/0.9GiB(99%) CN:8 DL:13MiB]
[#d2a144 0.9GiB/0.9GiB(99%) CN:1 DL:10MiB]

Download Results:
gid   |stat|avg speed  |path/URI
======+====+===========+=======================================================
d2a144|OK  |    17MiB/s|/home/xi/tmp/plant_m6A_data/GSE174573/fastq/SRR14570258_1.fastq.gz.part

Status Legend:
(OK):download completed.
[#5c4f3d 0B/0B CN:1 DL:0B]
[#5c4f3d 0B/0B CN:1 DL:0B]
[#5c4f3d 544KiB/0.9GiB(0%) CN:16 DL:3.2MiB ETA:5m8s]
[#5c4f3d 21MiB/0.9GiB(2%) CN:16 DL:18MiB ETA:53s]
[#5c4f3d 40MiB/0.9GiB(4%) CN:16 DL:17MiB ETA:52s]
[#5c4f3d 57MiB/0.9GiB(5%) CN:16 DL:17MiB ETA:52s]
[#5c4f3d 75MiB/0.9GiB(7%) CN:16 DL:17MiB ETA:52s]
[#5c4f3d 94MiB/0.9GiB(9%) CN:16 DL:17MiB ETA:50s]
[#5c4f3d 112MiB/0.9GiB(11%) CN:16 DL:17MiB ETA:49s]
[#5c4f3d 133MiB/0.9GiB(13%) CN:16 DL:18MiB ETA:47s]
[#5c4f3d 151MiB/0.9GiB(15%) CN:16 DL:18MiB ETA:46s]
[#5c4f3d 169MiB/0.9GiB(17%) CN:16 DL:18MiB ETA:45s]
[#5c4f3d 187MiB/0.9GiB(18%) CN:16 DL:18MiB ETA:43s]
[#5c4f3d 205MiB/0.9GiB(20%) CN:16 DL:17MiB ETA:43s]
[#5c4f3d 224MiB/0.9GiB(22%) CN:16 DL:17MiB ETA:42s]
[#5c4f3d 243MiB/0.9GiB(24%) CN:16 DL:17MiB ETA:41s]
[#5c4f3d 265MiB/0.9GiB(26%) CN:16 DL:18MiB ETA:39s]
[#5c4f3d 284MiB/0.9GiB(28%) CN:16 DL:18MiB ETA:37s]
[#5c4f3d 303MiB/0.9GiB(30%) CN:16 DL:18MiB ETA:36s]
[#5c4f3d 322MiB/0.9GiB(32%) CN:16 DL:18MiB ETA:35s]
[#5c4f3d 341MiB/0.9GiB(34%) CN:16 DL:18MiB ETA:35s]
[#5c4f3d 362MiB/0.9GiB(36%) CN:16 DL:18MiB ETA:33s]
[#5c4f3d 383MiB/0.9GiB(38%) CN:16 DL:19MiB ETA:31s]
[#5c4f3d 402MiB/0.9GiB(40%) CN:16 DL:19MiB ETA:30s]
[#5c4f3d 423MiB/0.9GiB(42%) CN:16 DL:19MiB ETA:29s]
[#5c4f3d 442MiB/0.9GiB(44%) CN:16 DL:19MiB ETA:28s]
[#5c4f3d 460MiB/0.9GiB(46%) CN:16 DL:19MiB ETA:27s]
[#5c4f3d 478MiB/0.9GiB(48%) CN:16 DL:18MiB ETA:27s]
[#5c4f3d 497MiB/0.9GiB(50%) CN:16 DL:18MiB ETA:26s]
[#5c4f3d 516MiB/0.9GiB(52%) CN:16 DL:18MiB ETA:25s]
[#5c4f3d 538MiB/0.9GiB(54%) CN:16 DL:19MiB ETA:23s]
[#5c4f3d 557MiB/0.9GiB(56%) CN:16 DL:19MiB ETA:22s]
[#5c4f3d 578MiB/0.9GiB(58%) CN:16 DL:19MiB ETA:21s]
[#5c4f3d 597MiB/0.9GiB(60%) CN:15 DL:18MiB ETA:20s]
[#5c4f3d 617MiB/0.9GiB(62%) CN:16 DL:19MiB ETA:19s]
[#5c4f3d 638MiB/0.9GiB(64%) CN:16 DL:19MiB ETA:18s]
[#5c4f3d 657MiB/0.9GiB(66%) CN:16 DL:19MiB ETA:17s]
[#5c4f3d 675MiB/0.9GiB(68%) CN:16 DL:19MiB ETA:16s]
[#5c4f3d 693MiB/0.9GiB(69%) CN:16 DL:19MiB ETA:15s]
[#5c4f3d 711MiB/0.9GiB(71%) CN:16 DL:18MiB ETA:14s]
[#5c4f3d 729MiB/0.9GiB(73%) CN:16 DL:18MiB ETA:14s]
[#5c4f3d 748MiB/0.9GiB(75%) CN:16 DL:18MiB ETA:13s]
[#5c4f3d 766MiB/0.9GiB(77%) CN:16 DL:18MiB ETA:12s]
[#5c4f3d 785MiB/0.9GiB(79%) CN:16 DL:18MiB ETA:11s]
[#5c4f3d 803MiB/0.9GiB(81%) CN:16 DL:18MiB ETA:10s]
[#5c4f3d 819MiB/0.9GiB(82%) CN:15 DL:18MiB ETA:9s]
[#5c4f3d 836MiB/0.9GiB(84%) CN:14 DL:17MiB ETA:8s]
[#5c4f3d 855MiB/0.9GiB(86%) CN:14 DL:17MiB ETA:7s]
[#5c4f3d 873MiB/0.9GiB(88%) CN:14 DL:17MiB ETA:6s]
[#5c4f3d 890MiB/0.9GiB(89%) CN:14 DL:17MiB ETA:5s]
[#5c4f3d 907MiB/0.9GiB(91%) CN:14 DL:17MiB ETA:4s]
[#5c4f3d 0.9GiB/0.9GiB(93%) CN:14 DL:17MiB ETA:3s]
[#5c4f3d 0.9GiB/0.9GiB(95%) CN:14 DL:17MiB ETA:2s]
[#5c4f3d 0.9GiB/0.9GiB(97%) CN:14 DL:17MiB ETA:1s]
[#5c4f3d 0.9GiB/0.9GiB(99%) CN:14 DL:17MiB]
[#5c4f3d 0.9GiB/0.9GiB(99%) CN:6 DL:16MiB]

Download Results:
gid   |stat|avg speed  |path/URI
======+====+===========+=======================================================
5c4f3d|OK  |    18MiB/s|/home/xi/tmp/plant_m6A_data/GSE174573/fastq/SRR14570258_2.fastq.gz.part

Status Legend:
(OK):download completed.
=== SRR14570258 fastp ===
=== SRR14570258 hisat2 ===
[bam_sort_core] merging from 2 files and 4 in-memory blocks...
=== SRR14570259 download ===
[#5534b2 0B/0B CN:1 DL:0B]
[#5534b2 736KiB/0.9GiB(0%) CN:16 DL:3.1MiB ETA:5m9s]
[#5534b2 3.5MiB/0.9GiB(0%) CN:16 DL:2.8MiB ETA:5m32s]
[#5534b2 7.2MiB/0.9GiB(0%) CN:16 DL:3.2MiB ETA:4m55s]
[#5534b2 11MiB/0.9GiB(1%) CN:16 DL:3.5MiB ETA:4m31s]
[#5534b2 19MiB/0.9GiB(1%) CN:16 DL:4.5MiB ETA:3m28s]
[#5534b2 37MiB/0.9GiB(3%) CN:16 DL:7.2MiB ETA:2m8s]
[#5534b2 58MiB/0.9GiB(6%) CN:16 DL:9.3MiB ETA:1m36s]
[#5534b2 79MiB/0.9GiB(8%) CN:16 DL:10MiB ETA:1m21s]
[#5534b2 99MiB/0.9GiB(10%) CN:16 DL:11MiB ETA:1m13s]
[#5534b2 119MiB/0.9GiB(12%) CN:16 DL:12MiB ETA:1m6s]
[#5534b2 136MiB/0.9GiB(14%) CN:16 DL:14MiB ETA:58s]
[#5534b2 155MiB/0.9GiB(15%) CN:16 DL:15MiB ETA:51s]
[#5534b2 174MiB/0.9GiB(18%) CN:16 DL:17MiB ETA:45s]
[#5534b2 193MiB/0.9GiB(19%) CN:16 DL:18MiB ETA:41s]
[#5534b2 213MiB/0.9GiB(22%) CN:16 DL:19MiB ETA:39s]
[#5534b2 234MiB/0.9GiB(24%) CN:16 DL:18MiB ETA:39s]
[#5534b2 252MiB/0.9GiB(26%) CN:16 DL:18MiB ETA:38s]
[#5534b2 271MiB/0.9GiB(28%) CN:16 DL:18MiB ETA:37s]
[#5534b2 290MiB/0.9GiB(29%) CN:16 DL:18MiB ETA:36s]
[#5534b2 308MiB/0.9GiB(31%) CN:16 DL:18MiB ETA:35s]
[#5534b2 328MiB/0.9GiB(33%) CN:16 DL:18MiB ETA:34s]
[#5534b2 349MiB/0.9GiB(36%) CN:16 DL:18MiB ETA:32s]
[#5534b2 368MiB/0.9GiB(38%) CN:16 DL:19MiB ETA:31s]
[#5534b2 390MiB/0.9GiB(40%) CN:16 DL:19MiB ETA:29s]
[#5534b2 410MiB/0.9GiB(42%) CN:16 DL:19MiB ETA:28s]
[#5534b2 431MiB/0.9GiB(44%) CN:16 DL:19MiB ETA:27s]
[#5534b2 451MiB/0.9GiB(46%) CN:16 DL:19MiB ETA:26s]
[#5534b2 472MiB/0.9GiB(48%) CN:16 DL:20MiB ETA:24s]
[#5534b2 494MiB/0.9GiB(51%) CN:16 DL:20MiB ETA:23s]
[#5534b2 514MiB/0.9GiB(53%) CN:16 DL:20MiB ETA:22s]
[#5534b2 533MiB/0.9GiB(55%) CN:16 DL:20MiB ETA:21s]
[#5534b2 554MiB/0.9GiB(57%) CN:16 DL:20MiB ETA:20s]
[#5534b2 572MiB/0.9GiB(59%) CN:16 DL:19MiB ETA:20s]
[#5534b2 589MiB/0.9GiB(60%) CN:16 DL:19MiB ETA:19s]
[#5534b2 606MiB/0.9GiB(62%) CN:16 DL:18MiB ETA:19s]
[#5534b2 623MiB/0.9GiB(64%) CN:16 DL:18MiB ETA:18s]
[#5534b2 643MiB/0.9GiB(66%) CN:16 DL:18MiB ETA:17s]
[#5534b2 660MiB/0.9GiB(68%) CN:16 DL:18MiB ETA:17s]
[#5534b2 676MiB/0.9GiB(69%) CN:16 DL:17MiB ETA:16s]
[#5534b2 693MiB/0.9GiB(71%) CN:16 DL:17MiB ETA:15s]
[#5534b2 710MiB/0.9GiB(73%) CN:16 DL:17MiB ETA:15s]
[#5534b2 727MiB/0.9GiB(75%) CN:16 DL:16MiB ETA:14s]
[#5534b2 744MiB/0.9GiB(76%) CN:16 DL:17MiB ETA:13s]
[#5534b2 762MiB/0.9GiB(78%) CN:16 DL:17MiB ETA:12s]
[#5534b2 781MiB/0.9GiB(80%) CN:16 DL:17MiB ETA:10s]
[#5534b2 800MiB/0.9GiB(82%) CN:16 DL:17MiB ETA:9s]
[#5534b2 817MiB/0.9GiB(84%) CN:16 DL:17MiB ETA:8s]
[#5534b2 835MiB/0.9GiB(86%) CN:16 DL:17MiB ETA:7s]
[#5534b2 851MiB/0.9GiB(87%) CN:15 DL:17MiB ETA:6s]
[#5534b2 868MiB/0.9GiB(89%) CN:14 DL:17MiB ETA:5s]
[#5534b2 887MiB/0.9GiB(91%) CN:14 DL:17MiB ETA:4s]
[#5534b2 906MiB/0.9GiB(93%) CN:14 DL:17MiB ETA:3s]
[#5534b2 0.9GiB/0.9GiB(95%) CN:14 DL:17MiB ETA:2s]
[#5534b2 0.9GiB/0.9GiB(97%) CN:12 DL:17MiB ETA:1s]
[#5534b2 0.9GiB/0.9GiB(99%) CN:10 DL:17MiB]
[#5534b2 0.9GiB/0.9GiB(99%) CN:10 DL:16MiB]
[#5534b2 0.9GiB/0.9GiB(99%) CN:10 DL:14MiB]
 *** Download Progress Summary as of Thu Sep 10 15:00:26 2026 *** 
===============================================================================
[#5534b2 0.9GiB/0.9GiB(99%) CN:7 DL:12MiB]
FILE: /home/xi/tmp/plant_m6A_data/GSE174573/fastq/SRR14570259_1.fastq.gz.part
-------------------------------------------------------------------------------

[#5534b2 0.9GiB/0.9GiB(99%) CN:7 DL:12MiB]

Download Results:
gid   |stat|avg speed  |path/URI
======+====+===========+=======================================================
5534b2|OK  |    16MiB/s|/home/xi/tmp/plant_m6A_data/GSE174573/fastq/SRR14570259_1.fastq.gz.part

Status Legend:
(OK):download completed.
[#eb927d 8.9MiB/0.9GiB(0%) CN:16 DL:16MiB ETA:1m]
[#eb927d 26MiB/0.9GiB(2%) CN:16 DL:16MiB ETA:58s]
[#eb927d 43MiB/0.9GiB(4%) CN:16 DL:16MiB ETA:57s]
[#eb927d 63MiB/0.9GiB(6%) CN:16 DL:17MiB ETA:53s]
[#eb927d 82MiB/0.9GiB(8%) CN:16 DL:17MiB ETA:50s]
[#eb927d 99MiB/0.9GiB(10%) CN:16 DL:17MiB ETA:50s]
[#eb927d 118MiB/0.9GiB(11%) CN:16 DL:17MiB ETA:49s]
[#eb927d 137MiB/0.9GiB(13%) CN:16 DL:18MiB ETA:47s]
[#eb927d 156MiB/0.9GiB(15%) CN:16 DL:18MiB ETA:45s]
[#eb927d 178MiB/0.9GiB(17%) CN:16 DL:18MiB ETA:44s]
[#eb927d 198MiB/0.9GiB(20%) CN:16 DL:18MiB ETA:41s]
[#eb927d 217MiB/0.9GiB(21%) CN:16 DL:18MiB ETA:41s]
[#eb927d 235MiB/0.9GiB(23%) CN:16 DL:18MiB ETA:39s]
[#eb927d 254MiB/0.9GiB(25%) CN:16 DL:19MiB ETA:38s]
[#eb927d 274MiB/0.9GiB(27%) CN:16 DL:19MiB ETA:36s]
[#eb927d 295MiB/0.9GiB(29%) CN:16 DL:19MiB ETA:35s]
[#eb927d 317MiB/0.9GiB(31%) CN:16 DL:19MiB ETA:34s]
[#eb927d 335MiB/0.9GiB(33%) CN:16 DL:19MiB ETA:33s]
[#eb927d 355MiB/0.9GiB(35%) CN:16 DL:19MiB ETA:32s]
[#eb927d 375MiB/0.9GiB(37%) CN:16 DL:19MiB ETA:31s]
[#eb927d 395MiB/0.9GiB(39%) CN:16 DL:19MiB ETA:30s]
[#eb927d 415MiB/0.9GiB(41%) CN:16 DL:19MiB ETA:29s]
[#eb927d 436MiB/0.9GiB(44%) CN:16 DL:19MiB ETA:28s]
[#eb927d 452MiB/0.9GiB(45%) CN:16 DL:19MiB ETA:27s]
[#eb927d 470MiB/0.9GiB(47%) CN:16 DL:19MiB ETA:27s]
[#eb927d 489MiB/0.9GiB(49%) CN:16 DL:18MiB ETA:26s]
[#eb927d 509MiB/0.9GiB(51%) CN:16 DL:18MiB ETA:25s]
[#eb927d 529MiB/0.9GiB(53%) CN:16 DL:18MiB ETA:24s]
[#eb927d 549MiB/0.9GiB(55%) CN:16 DL:18MiB ETA:23s]
[#eb927d 567MiB/0.9GiB(57%) CN:16 DL:18MiB ETA:22s]
[#eb927d 585MiB/0.9GiB(59%) CN:16 DL:18MiB ETA:21s]
[#eb927d 602MiB/0.9GiB(60%) CN:16 DL:18MiB ETA:21s]
[#eb927d 619MiB/0.9GiB(62%) CN:16 DL:18MiB ETA:20s]
[#eb927d 637MiB/0.9GiB(64%) CN:16 DL:18MiB ETA:19s]
[#eb927d 654MiB/0.9GiB(66%) CN:16 DL:18MiB ETA:18s]
[#eb927d 673MiB/0.9GiB(67%) CN:16 DL:18MiB ETA:17s]
[#eb927d 692MiB/0.9GiB(69%) CN:16 DL:17MiB ETA:16s]
[#eb927d 710MiB/0.9GiB(71%) CN:16 DL:17MiB ETA:15s]
[#eb927d 728MiB/0.9GiB(73%) CN:16 DL:17MiB ETA:15s]
[#eb927d 746MiB/0.9GiB(75%) CN:16 DL:17MiB ETA:13s]
[#eb927d 763MiB/0.9GiB(77%) CN:16 DL:17MiB ETA:12s]
[#eb927d 782MiB/0.9GiB(78%) CN:16 DL:17MiB ETA:11s]
[#eb927d 801MiB/0.9GiB(80%) CN:16 DL:17MiB ETA:10s]
[#eb927d 818MiB/0.9GiB(82%) CN:16 DL:17MiB ETA:9s]
[#eb927d 836MiB/0.9GiB(84%) CN:16 DL:17MiB ETA:8s]
[#eb927d 854MiB/0.9GiB(86%) CN:16 DL:17MiB ETA:7s]
[#eb927d 871MiB/0.9GiB(87%) CN:15 DL:17MiB ETA:6s]
[#eb927d 887MiB/0.9GiB(89%) CN:15 DL:17MiB ETA:5s]
[#eb927d 904MiB/0.9GiB(91%) CN:15 DL:17MiB ETA:5s]
[#eb927d 920MiB/0.9GiB(92%) CN:15 DL:17MiB ETA:4s]
[#eb927d 0.9GiB/0.9GiB(94%) CN:15 DL:17MiB ETA:2s]
[#eb927d 0.9GiB/0.9GiB(96%) CN:14 DL:17MiB ETA:2s]
[#eb927d 0.9GiB/0.9GiB(98%) CN:14 DL:17MiB ETA:1s]
[#eb927d 0.9GiB/0.9GiB(99%) CN:4 DL:16MiB]
[#eb927d 0.9GiB/0.9GiB(99%) CN:2 DL:15MiB]
[#eb927d 0.9GiB/0.9GiB(99%) CN:2 DL:13MiB]

Download Results:
gid   |stat|avg speed  |path/URI
======+====+===========+=======================================================
eb927d|OK  |    17MiB/s|/home/xi/tmp/plant_m6A_data/GSE174573/fastq/SRR14570259_2.fastq.gz.part

Status Legend:
(OK):download completed.
=== SRR14570259 fastp ===
=== SRR14570259 hisat2 ===
[bam_sort_core] merging from 1 files and 4 in-memory blocks...
=== SRR14570260 download ===
[#5cfead 0B/0B CN:1 DL:0B]
[#5cfead 0B/1.1GiB(0%) CN:16 DL:328KiB ETA:58m48s]
[#5cfead 2.4MiB/1.1GiB(0%) CN:16 DL:2.3MiB ETA:8m]
[#5cfead 5.0MiB/1.1GiB(0%) CN:16 DL:2.4MiB ETA:7m46s]
[#5cfead 7.4MiB/1.1GiB(0%) CN:16 DL:2.4MiB ETA:7m45s]
[#5cfead 9.9MiB/1.1GiB(0%) CN:16 DL:2.4MiB ETA:7m39s]
[#5cfead 14MiB/1.1GiB(1%) CN:16 DL:2.8MiB ETA:6m35s]
[#5cfead 31MiB/1.1GiB(2%) CN:16 DL:5.1MiB ETA:3m34s]
[#5cfead 48MiB/1.1GiB(4%) CN:16 DL:6.8MiB ETA:2m37s]
[#5cfead 65MiB/1.1GiB(5%) CN:16 DL:8.1MiB ETA:2m11s]
[#5cfead 84MiB/1.1GiB(7%) CN:16 DL:9.2MiB ETA:1m52s]
[#5cfead 101MiB/1.1GiB(8%) CN:16 DL:10MiB ETA:1m35s]
[#5cfead 123MiB/1.1GiB(10%) CN:16 DL:12MiB ETA:1m18s]
[#5cfead 141MiB/1.1GiB(12%) CN:16 DL:14MiB ETA:1m8s]
[#5cfead 160MiB/1.1GiB(14%) CN:16 DL:16MiB ETA:59s]
[#5cfead 179MiB/1.1GiB(15%) CN:16 DL:17MiB ETA:53s]
[#5cfead 198MiB/1.1GiB(17%) CN:16 DL:18MiB ETA:51s]
[#5cfead 217MiB/1.1GiB(19%) CN:16 DL:18MiB ETA:50s]
[#5cfead 235MiB/1.1GiB(20%) CN:16 DL:18MiB ETA:48s]
[#5cfead 255MiB/1.1GiB(22%) CN:16 DL:18MiB ETA:47s]
[#5cfead 277MiB/1.1GiB(24%) CN:16 DL:19MiB ETA:44s]
[#5cfead 294MiB/1.1GiB(26%) CN:16 DL:18MiB ETA:44s]
[#5cfead 313MiB/1.1GiB(27%) CN:16 DL:18MiB ETA:43s]
[#5cfead 333MiB/1.1GiB(29%) CN:16 DL:18MiB ETA:42s]
[#5cfead 352MiB/1.1GiB(31%) CN:16 DL:18MiB ETA:41s]
[#5cfead 371MiB/1.1GiB(32%) CN:16 DL:18MiB ETA:40s]
[#5cfead 391MiB/1.1GiB(34%) CN:16 DL:19MiB ETA:38s]
[#5cfead 414MiB/1.1GiB(36%) CN:16 DL:19MiB ETA:36s]
[#5cfead 434MiB/1.1GiB(38%) CN:16 DL:19MiB ETA:36s]
[#5cfead 454MiB/1.1GiB(40%) CN:16 DL:19MiB ETA:34s]
[#5cfead 473MiB/1.1GiB(41%) CN:16 DL:19MiB ETA:33s]
[#5cfead 494MiB/1.1GiB(43%) CN:16 DL:19MiB ETA:32s]
[#5cfead 516MiB/1.1GiB(45%) CN:16 DL:20MiB ETA:30s]
[#5cfead 536MiB/1.1GiB(47%) CN:16 DL:20MiB ETA:29s]
[#5cfead 556MiB/1.1GiB(49%) CN:16 DL:20MiB ETA:28s]
[#5cfead 575MiB/1.1GiB(50%) CN:16 DL:20MiB ETA:27s]
[#5cfead 594MiB/1.1GiB(52%) CN:16 DL:19MiB ETA:27s]
[#5cfead 612MiB/1.1GiB(54%) CN:16 DL:19MiB ETA:26s]
[#5cfead 633MiB/1.1GiB(55%) CN:16 DL:19MiB ETA:25s]
[#5cfead 650MiB/1.1GiB(57%) CN:16 DL:19MiB ETA:24s]
[#5cfead 667MiB/1.1GiB(58%) CN:16 DL:19MiB ETA:24s]
[#5cfead 685MiB/1.1GiB(60%) CN:16 DL:18MiB ETA:23s]
[#5cfead 702MiB/1.1GiB(62%) CN:16 DL:18MiB ETA:23s]
[#5cfead 720MiB/1.1GiB(63%) CN:16 DL:18MiB ETA:22s]
[#5cfead 736MiB/1.1GiB(65%) CN:16 DL:18MiB ETA:22s]
[#5cfead 753MiB/1.1GiB(66%) CN:16 DL:17MiB ETA:21s]
[#5cfead 771MiB/1.1GiB(68%) CN:16 DL:17MiB ETA:20s]
[#5cfead 787MiB/1.1GiB(69%) CN:16 DL:17MiB ETA:20s]
[#5cfead 808MiB/1.1GiB(71%) CN:16 DL:17MiB ETA:18s]
[#5cfead 824MiB/1.1GiB(72%) CN:16 DL:17MiB ETA:17s]
[#5cfead 842MiB/1.1GiB(74%) CN:16 DL:17MiB ETA:16s]
[#5cfead 859MiB/1.1GiB(75%) CN:16 DL:17MiB ETA:15s]
[#5cfead 878MiB/1.1GiB(77%) CN:16 DL:17MiB ETA:14s]
[#5cfead 896MiB/1.1GiB(79%) CN:16 DL:17MiB ETA:13s]
[#5cfead 919MiB/1.1GiB(81%) CN:16 DL:17MiB ETA:11s]
[#5cfead 0.9GiB/1.1GiB(82%) CN:16 DL:18MiB ETA:10s]
[#5cfead 0.9GiB/1.1GiB(84%) CN:16 DL:18MiB ETA:9s]
[#5cfead 0.9GiB/1.1GiB(86%) CN:16 DL:18MiB ETA:8s]
 *** Download Progress Summary as of Thu Sep 10 15:08:01 2026 *** 
===============================================================================
[#5cfead 0.9GiB/1.1GiB(87%) CN:16 DL:18MiB ETA:7s]
FILE: /home/xi/tmp/plant_m6A_data/GSE174573/fastq/SRR14570260_1.fastq.gz.part
-------------------------------------------------------------------------------

[#5cfead 0.9GiB/1.1GiB(87%) CN:16 DL:18MiB ETA:7s]
[#5cfead 0.9GiB/1.1GiB(89%) CN:16 DL:18MiB ETA:6s]
[#5cfead 1.0GiB/1.1GiB(91%) CN:16 DL:18MiB ETA:5s]
[#5cfead 1.0GiB/1.1GiB(93%) CN:15 DL:18MiB ETA:4s]
[#5cfead 1.0GiB/1.1GiB(94%) CN:14 DL:18MiB ETA:3s]
[#5cfead 1.0GiB/1.1GiB(96%) CN:14 DL:19MiB ETA:1s]
[#5cfead 1.0GiB/1.1GiB(98%) CN:13 DL:18MiB ETA:1s]
[#5cfead 1.1GiB/1.1GiB(99%) CN:5 DL:18MiB]
[#5cfead 1.1GiB/1.1GiB(99%) CN:4 DL:15MiB]
[#5cfead 1.1GiB/1.1GiB(99%) CN:4 DL:13MiB]
[#5cfead 1.1GiB/1.1GiB(99%) CN:4 DL:11MiB]
[#5cfead 1.1GiB/1.1GiB(99%) CN:4 DL:9.1MiB]
[#5cfead 1.1GiB/1.1GiB(99%) CN:4 DL:6.9MiB]
[#5cfead 1.1GiB/1.1GiB(99%) CN:4 DL:4.8MiB]
[#5cfead 1.1GiB/1.1GiB(99%) CN:4 DL:2.6MiB]
[#5cfead 1.1GiB/1.1GiB(99%) CN:4 DL:1.1MiB]
[#5cfead 1.1GiB/1.1GiB(99%) CN:4 DL:27KiB ETA:27s]
[#5cfead 1.1GiB/1.1GiB(99%) CN:2 DL:74KiB ETA:5s]
[#5cfead 1.1GiB/1.1GiB(99%) CN:1 DL:105KiB]

Download Results:
gid   |stat|avg speed  |path/URI
======+====+===========+=======================================================
5cfead|OK  |    14MiB/s|/home/xi/tmp/plant_m6A_data/GSE174573/fastq/SRR14570260_1.fastq.gz.part

Status Legend:
(OK):download completed.
[#2d3479 0B/0B CN:1 DL:0B]
[#2d3479 0B/0B CN:1 DL:0B]
[#2d3479 0B/0B CN:1 DL:0B]
[#2d3479 0B/0B CN:1 DL:0B]
[#2d3479 0B/0B CN:1 DL:0B]
[#2d3479 0B/0B CN:1 DL:0B]
[#2d3479 4.7MiB/1.1GiB(0%) CN:16 DL:8.9MiB ETA:2m9s]
[#2d3479 25MiB/1.1GiB(2%) CN:16 DL:16MiB ETA:1m10s]
[#2d3479 41MiB/1.1GiB(3%) CN:16 DL:16MiB ETA:1m10s]
[#2d3479 59MiB/1.1GiB(5%) CN:16 DL:16MiB ETA:1m6s]
[#2d3479 79MiB/1.1GiB(6%) CN:16 DL:17MiB ETA:1m4s]
[#2d3479 97MiB/1.1GiB(8%) CN:16 DL:16MiB ETA:1m3s]
[#2d3479 116MiB/1.1GiB(9%) CN:16 DL:17MiB ETA:1m]
[#2d3479 137MiB/1.1GiB(11%) CN:16 DL:17MiB ETA:58s]
[#2d3479 155MiB/1.1GiB(13%) CN:16 DL:17MiB ETA:57s]
[#2d3479 176MiB/1.1GiB(15%) CN:16 DL:18MiB ETA:55s]
[#2d3479 194MiB/1.1GiB(16%) CN:16 DL:18MiB ETA:53s]
[#2d3479 213MiB/1.1GiB(18%) CN:16 DL:18MiB ETA:51s]
[#2d3479 232MiB/1.1GiB(19%) CN:16 DL:18MiB ETA:50s]
[#2d3479 253MiB/1.1GiB(21%) CN:16 DL:18MiB ETA:48s]
[#2d3479 271MiB/1.1GiB(23%) CN:16 DL:18MiB ETA:48s]
[#2d3479 292MiB/1.1GiB(24%) CN:16 DL:18MiB ETA:46s]
[#2d3479 314MiB/1.1GiB(26%) CN:16 DL:19MiB ETA:44s]
[#2d3479 332MiB/1.1GiB(28%) CN:16 DL:19MiB ETA:43s]
[#2d3479 352MiB/1.1GiB(30%) CN:16 DL:19MiB ETA:42s]
[#2d3479 370MiB/1.1GiB(31%) CN:16 DL:19MiB ETA:42s]
[#2d3479 390MiB/1.1GiB(33%) CN:16 DL:19MiB ETA:40s]
[#2d3479 410MiB/1.1GiB(35%) CN:16 DL:19MiB ETA:39s]
[#2d3479 432MiB/1.1GiB(36%) CN:16 DL:19MiB ETA:38s]
[#2d3479 450MiB/1.1GiB(38%) CN:16 DL:19MiB ETA:37s]
[#2d3479 469MiB/1.1GiB(40%) CN:16 DL:19MiB ETA:36s]
[#2d3479 488MiB/1.1GiB(41%) CN:16 DL:19MiB ETA:35s]
[#2d3479 509MiB/1.1GiB(43%) CN:16 DL:19MiB ETA:34s]
[#2d3479 529MiB/1.1GiB(45%) CN:16 DL:19MiB ETA:33s]
[#2d3479 548MiB/1.1GiB(46%) CN:16 DL:19MiB ETA:32s]
[#2d3479 570MiB/1.1GiB(48%) CN:16 DL:19MiB ETA:31s]
[#2d3479 588MiB/1.1GiB(50%) CN:16 DL:19MiB ETA:30s]
[#2d3479 608MiB/1.1GiB(51%) CN:16 DL:19MiB ETA:29s]
[#2d3479 625MiB/1.1GiB(53%) CN:16 DL:19MiB ETA:28s]
[#2d3479 644MiB/1.1GiB(54%) CN:16 DL:18MiB ETA:28s]
[#2d3479 663MiB/1.1GiB(56%) CN:16 DL:18MiB ETA:27s]
[#2d3479 683MiB/1.1GiB(58%) CN:16 DL:18MiB ETA:26s]
[#2d3479 700MiB/1.1GiB(59%) CN:16 DL:18MiB ETA:25s]
[#2d3479 718MiB/1.1GiB(61%) CN:16 DL:18MiB ETA:24s]
[#2d3479 736MiB/1.1GiB(62%) CN:16 DL:17MiB ETA:24s]
[#2d3479 752MiB/1.1GiB(64%) CN:16 DL:17MiB ETA:24s]
[#2d3479 771MiB/1.1GiB(65%) CN:16 DL:17MiB ETA:23s]
[#2d3479 791MiB/1.1GiB(67%) CN:16 DL:17MiB ETA:22s]
[#2d3479 812MiB/1.1GiB(69%) CN:16 DL:17MiB ETA:20s]
[#2d3479 830MiB/1.1GiB(70%) CN:16 DL:17MiB ETA:19s]
[#2d3479 849MiB/1.1GiB(72%) CN:16 DL:17MiB ETA:18s]
[#2d3479 868MiB/1.1GiB(74%) CN:16 DL:17MiB ETA:17s]
[#2d3479 888MiB/1.1GiB(75%) CN:16 DL:17MiB ETA:15s]
[#2d3479 908MiB/1.1GiB(77%) CN:16 DL:18MiB ETA:14s]
[#2d3479 0.9GiB/1.1GiB(79%) CN:16 DL:18MiB ETA:13s]
[#2d3479 0.9GiB/1.1GiB(80%) CN:16 DL:18MiB ETA:12s]
[#2d3479 0.9GiB/1.1GiB(82%) CN:16 DL:18MiB ETA:11s]
 *** Download Progress Summary as of Thu Sep 10 15:09:42 2026 *** 
===============================================================================
[#2d3479 0.9GiB/1.1GiB(83%) CN:16 DL:18MiB ETA:10s]
FILE: /home/xi/tmp/plant_m6A_data/GSE174573/fastq/SRR14570260_2.fastq.gz.part
-------------------------------------------------------------------------------

[#2d3479 0.9GiB/1.1GiB(83%) CN:16 DL:18MiB ETA:10s]
[#2d3479 0.9GiB/1.1GiB(85%) CN:16 DL:18MiB ETA:9s]
[#2d3479 0.9GiB/1.1GiB(86%) CN:16 DL:18MiB ETA:8s]
[#2d3479 1.0GiB/1.1GiB(88%) CN:16 DL:18MiB ETA:7s]
[#2d3479 1.0GiB/1.1GiB(90%) CN:15 DL:18MiB ETA:6s]
[#2d3479 1.0GiB/1.1GiB(91%) CN:13 DL:18MiB ETA:5s]
[#2d3479 1.0GiB/1.1GiB(93%) CN:13 DL:18MiB ETA:4s]
[#2d3479 1.0GiB/1.1GiB(95%) CN:13 DL:18MiB ETA:3s]
[#2d3479 1.1GiB/1.1GiB(96%) CN:13 DL:18MiB ETA:2s]
[#2d3479 1.1GiB/1.1GiB(98%) CN:13 DL:19MiB]
[#2d3479 1.1GiB/1.1GiB(99%) CN:6 DL:17MiB]
[#2d3479 1.1GiB/1.1GiB(99%) CN:6 DL:15MiB]
[#2d3479 1.1GiB/1.1GiB(99%) CN:1 DL:11MiB]
[#2d3479 1.1GiB/1.1GiB(99%) CN:1 DL:9.9MiB]
[#2d3479 1.1GiB/1.1GiB(99%) CN:1 DL:7.7MiB]
[#2d3479 1.1GiB/1.1GiB(99%) CN:1 DL:5.6MiB]
[#2d3479 1.1GiB/1.1GiB(99%) CN:1 DL:3.2MiB ETA:1s]
[#2d3479 1.1GiB/1.1GiB(99%) CN:1 DL:1.1MiB ETA:3s]
[#2d3479 1.1GiB/1.1GiB(99%) CN:1 DL:131KiB ETA:26s]
[#2d3479 1.1GiB/1.1GiB(99%) CN:1 DL:117KiB ETA:29s]
[#2d3479 1.1GiB/1.1GiB(99%) CN:1 DL:12KiB ETA:4m40s]
[#2d3479 1.1GiB/1.1GiB(99%) CN:1 DL:10KiB ETA:5m35s]
[#2d3479 1.1GiB/1.1GiB(99%) CN:1 DL:10KiB ETA:5m19s]
[#2d3479 1.1GiB/1.1GiB(99%) CN:1 DL:9.5KiB ETA:6m]
[#2d3479 1.1GiB/1.1GiB(99%) CN:1 DL:8.6KiB ETA:6m40s]
[#2d3479 1.1GiB/1.1GiB(99%) CN:1 DL:5.7KiB ETA:10m1s]
[#2d3479 1.1GiB/1.1GiB(99%) CN:1 DL:566KiB]
[#2d3479 1.1GiB/1.1GiB(99%) CN:1 DL:483KiB]
[#2d3479 1.1GiB/1.1GiB(99%) CN:1 DL:422KiB]
[#2d3479 1.1GiB/1.1GiB(99%) CN:1 DL:374KiB]
[#2d3479 1.1GiB/1.1GiB(99%) CN:1 DL:336KiB]
[#2d3479 1.1GiB/1.1GiB(99%) CN:1 DL:497KiB]
[#2d3479 1.1GiB/1.1GiB(99%) CN:1 DL:428KiB]
[#2d3479 1.1GiB/1.1GiB(99%) CN:1 DL:379KiB]
[#2d3479 1.1GiB/1.1GiB(99%) CN:1 DL:340KiB]
[#2d3479 1.1GiB/1.1GiB(99%) CN:1 DL:0B]
[#2d3479 1.1GiB/1.1GiB(99%) CN:1 DL:0B]
[#2d3479 1.1GiB/1.1GiB(99%) CN:1 DL:7.5KiB ETA:19s]
[#2d3479 1.1GiB/1.1GiB(99%) CN:1 DL:3.7KiB ETA:38s]
[#2d3479 1.1GiB/1.1GiB(99%) CN:1 DL:2.4KiB ETA:57s]
[#2d3479 1.1GiB/1.1GiB(99%) CN:1 DL:3.1KiB ETA:46s]
[#2d3479 1.1GiB/1.1GiB(99%) CN:1 DL:2.5KiB ETA:55s]
[#2d3479 1.1GiB/1.1GiB(99%) CN:1 DL:2.2KiB ETA:1m5s]
[#2d3479 1.1GiB/1.1GiB(99%) CN:1 DL:1.9KiB ETA:1m14s]
[#2d3479 1.1GiB/1.1GiB(99%) CN:1 DL:1.7KiB ETA:1m23s]
[#2d3479 1.1GiB/1.1GiB(99%) CN:1 DL:1.5KiB ETA:1m33s]

Download Results:
gid   |stat|avg speed  |path/URI
======+====+===========+=======================================================
2d3479|OK  |    11MiB/s|/home/xi/tmp/plant_m6A_data/GSE174573/fastq/SRR14570260_2.fastq.gz.part

Status Legend:
(OK):download completed.
=== SRR14570260 fastp ===
=== SRR14570260 hisat2 ===
[bam_sort_core] merging from 2 files and 4 in-memory blocks...
=== SRR14570261 download ===
[#b9b9c5 1.8MiB/1.1GiB(0%) CN:16 DL:4.1MiB ETA:4m37s]
[#b9b9c5 12MiB/1.1GiB(1%) CN:16 DL:8.7MiB ETA:2m11s]
[#b9b9c5 28MiB/1.1GiB(2%) CN:16 DL:11MiB ETA:1m36s]
[#b9b9c5 48MiB/1.1GiB(4%) CN:16 DL:14MiB ETA:1m18s]
[#b9b9c5 65MiB/1.1GiB(5%) CN:16 DL:13MiB ETA:1m19s]
[#b9b9c5 91MiB/1.1GiB(7%) CN:16 DL:15MiB ETA:1m8s]
[#b9b9c5 118MiB/1.1GiB(10%) CN:16 DL:17MiB ETA:1m]
[#b9b9c5 141MiB/1.1GiB(12%) CN:16 DL:17MiB ETA:56s]
[#b9b9c5 162MiB/1.1GiB(14%) CN:16 DL:18MiB ETA:54s]
[#b9b9c5 187MiB/1.1GiB(16%) CN:16 DL:19MiB ETA:50s]
[#b9b9c5 211MiB/1.1GiB(18%) CN:16 DL:20MiB ETA:45s]
[#b9b9c5 236MiB/1.1GiB(20%) CN:16 DL:21MiB ETA:42s]
[#b9b9c5 263MiB/1.1GiB(22%) CN:16 DL:22MiB ETA:39s]
[#b9b9c5 288MiB/1.1GiB(24%) CN:16 DL:23MiB ETA:37s]
[#b9b9c5 316MiB/1.1GiB(27%) CN:16 DL:24MiB ETA:33s]
[#b9b9c5 338MiB/1.1GiB(29%) CN:16 DL:24MiB ETA:33s]
[#b9b9c5 359MiB/1.1GiB(31%) CN:16 DL:18MiB ETA:44s]
[#b9b9c5 384MiB/1.1GiB(33%) CN:16 DL:18MiB ETA:41s]
[#b9b9c5 409MiB/1.1GiB(35%) CN:16 DL:18MiB ETA:39s]
[#b9b9c5 434MiB/1.1GiB(37%) CN:16 DL:18MiB ETA:38s]
[#b9b9c5 460MiB/1.1GiB(39%) CN:16 DL:18MiB ETA:37s]
[#b9b9c5 486MiB/1.1GiB(42%) CN:16 DL:18MiB ETA:37s]
[#b9b9c5 512MiB/1.1GiB(44%) CN:16 DL:17MiB ETA:36s]
[#b9b9c5 537MiB/1.1GiB(46%) CN:16 DL:18MiB ETA:33s]
[#b9b9c5 563MiB/1.1GiB(48%) CN:16 DL:24MiB ETA:23s]
[#b9b9c5 589MiB/1.1GiB(50%) CN:16 DL:24MiB ETA:22s]
[#b9b9c5 614MiB/1.1GiB(53%) CN:16 DL:25MiB ETA:21s]
[#b9b9c5 640MiB/1.1GiB(55%) CN:16 DL:25MiB ETA:20s]
[#b9b9c5 665MiB/1.1GiB(57%) CN:16 DL:25MiB ETA:19s]
[#b9b9c5 687MiB/1.1GiB(59%) CN:16 DL:24MiB ETA:19s]
[#b9b9c5 713MiB/1.1GiB(61%) CN:16 DL:24MiB ETA:18s]
[#b9b9c5 733MiB/1.1GiB(63%) CN:16 DL:24MiB ETA:17s]
[#b9b9c5 746MiB/1.1GiB(64%) CN:16 DL:21MiB ETA:19s]
[#b9b9c5 748MiB/1.1GiB(64%) CN:16 DL:14MiB ETA:27s]
[#b9b9c5 765MiB/1.1GiB(66%) CN:16 DL:13MiB ETA:28s]
[#b9b9c5 789MiB/1.1GiB(68%) CN:16 DL:13MiB ETA:27s]
[#b9b9c5 812MiB/1.1GiB(70%) CN:16 DL:13MiB ETA:25s]
[#b9b9c5 837MiB/1.1GiB(72%) CN:16 DL:13MiB ETA:23s]
[#b9b9c5 860MiB/1.1GiB(74%) CN:16 DL:13MiB ETA:21s]
[#b9b9c5 885MiB/1.1GiB(76%) CN:16 DL:16MiB ETA:16s]
[#b9b9c5 908MiB/1.1GiB(78%) CN:16 DL:16MiB ETA:14s]
[#b9b9c5 0.9GiB/1.1GiB(80%) CN:16 DL:22MiB ETA:10s]
[#b9b9c5 0.9GiB/1.1GiB(82%) CN:16 DL:22MiB ETA:9s]
[#b9b9c5 0.9GiB/1.1GiB(84%) CN:16 DL:22MiB ETA:7s]
[#b9b9c5 0.9GiB/1.1GiB(86%) CN:16 DL:22MiB ETA:6s]
[#b9b9c5 0.9GiB/1.1GiB(88%) CN:16 DL:22MiB ETA:5s]
[#b9b9c5 1.0GiB/1.1GiB(90%) CN:16 DL:23MiB ETA:4s]
[#b9b9c5 1.0GiB/1.1GiB(92%) CN:15 DL:22MiB ETA:4s]
[#b9b9c5 1.0GiB/1.1GiB(94%) CN:14 DL:22MiB ETA:2s]
[#b9b9c5 1.0GiB/1.1GiB(96%) CN:14 DL:22MiB ETA:1s]
[#b9b9c5 1.1GiB/1.1GiB(98%) CN:12 DL:22MiB]
[#b9b9c5 1.1GiB/1.1GiB(99%) CN:4 DL:22MiB]
[#b9b9c5 1.1GiB/1.1GiB(99%) CN:2 DL:18MiB]
[#b9b9c5 1.1GiB/1.1GiB(99%) CN:2 DL:16MiB]
 *** Download Progress Summary as of Thu Sep 10 15:18:51 2026 *** 
===============================================================================
[#b9b9c5 1.1GiB/1.1GiB(99%) CN:2 DL:13MiB]
FILE: /home/xi/tmp/plant_m6A_data/GSE174573/fastq/SRR14570261_1.fastq.gz.part
-------------------------------------------------------------------------------

[#b9b9c5 1.1GiB/1.1GiB(99%) CN:2 DL:13MiB]
[#b9b9c5 1.1GiB/1.1GiB(99%) CN:2 DL:9.2MiB]
[#b9b9c5 1.1GiB/1.1GiB(99%) CN:2 DL:6.7MiB]
[#b9b9c5 1.1GiB/1.1GiB(99%) CN:2 DL:4.1MiB]
[#b9b9c5 1.1GiB/1.1GiB(99%) CN:2 DL:1.6MiB]
[#b9b9c5 1.1GiB/1.1GiB(99%) CN:2 DL:135KiB ETA:2s]
[#b9b9c5 1.1GiB/1.1GiB(99%) CN:2 DL:1.5KiB ETA:2m54s]
[#b9b9c5 1.1GiB/1.1GiB(99%) CN:2 DL:2.4KiB ETA:1m52s]
[#b9b9c5 1.1GiB/1.1GiB(99%) CN:2 DL:2.0KiB ETA:2m9s]
[#b9b9c5 1.1GiB/1.1GiB(99%) CN:2 DL:1.8KiB ETA:2m27s]
[#b9b9c5 1.1GiB/1.1GiB(99%) CN:2 DL:1.6KiB ETA:2m44s]
[#b9b9c5 1.1GiB/1.1GiB(99%) CN:2 DL:4.2KiB ETA:1m]

Download Results:
gid   |stat|avg speed  |path/URI
======+====+===========+=======================================================
b9b9c5|OK  |    15MiB/s|/home/xi/tmp/plant_m6A_data/GSE174573/fastq/SRR14570261_1.fastq.gz.part

Status Legend:
(OK):download completed.
[#2403c1 0B/0B CN:1 DL:0B]
[#2403c1 0B/0B CN:1 DL:0B]
[#2403c1 0B/0B CN:1 DL:0B]
[#2403c1 0B/0B CN:1 DL:0B]
[#2403c1 18MiB/1.1GiB(1%) CN:16 DL:22MiB ETA:51s]
[#2403c1 38MiB/1.1GiB(3%) CN:16 DL:20MiB ETA:55s]
[#2403c1 60MiB/1.1GiB(5%) CN:16 DL:21MiB ETA:52s]
[#2403c1 84MiB/1.1GiB(7%) CN:16 DL:22MiB ETA:50s]
[#2403c1 109MiB/1.1GiB(9%) CN:16 DL:22MiB ETA:47s]
[#2403c1 133MiB/1.1GiB(11%) CN:16 DL:22MiB ETA:46s]
[#2403c1 142MiB/1.1GiB(11%) CN:16 DL:20MiB ETA:52s]
[#2403c1 164MiB/1.1GiB(13%) CN:16 DL:20MiB ETA:50s]
[#2403c1 192MiB/1.1GiB(16%) CN:16 DL:21MiB ETA:47s]
[#2403c1 215MiB/1.1GiB(18%) CN:16 DL:21MiB ETA:45s]
[#2403c1 243MiB/1.1GiB(20%) CN:16 DL:21MiB ETA:43s]
[#2403c1 265MiB/1.1GiB(22%) CN:16 DL:21MiB ETA:42s]
[#2403c1 293MiB/1.1GiB(24%) CN:16 DL:22MiB ETA:40s]
[#2403c1 315MiB/1.1GiB(26%) CN:16 DL:21MiB ETA:40s]
[#2403c1 343MiB/1.1GiB(28%) CN:16 DL:22MiB ETA:38s]
[#2403c1 365MiB/1.1GiB(30%) CN:16 DL:24MiB ETA:33s]
[#2403c1 392MiB/1.1GiB(32%) CN:16 DL:25MiB ETA:31s]
[#2403c1 417MiB/1.1GiB(35%) CN:16 DL:24MiB ETA:31s]
[#2403c1 443MiB/1.1GiB(37%) CN:16 DL:25MiB ETA:29s]
[#2403c1 469MiB/1.1GiB(39%) CN:16 DL:24MiB ETA:28s]
[#2403c1 492MiB/1.1GiB(41%) CN:16 DL:25MiB ETA:27s]
[#2403c1 519MiB/1.1GiB(43%) CN:16 DL:25MiB ETA:26s]
[#2403c1 542MiB/1.1GiB(45%) CN:16 DL:25MiB ETA:25s]
[#2403c1 570MiB/1.1GiB(47%) CN:16 DL:24MiB ETA:24s]
[#2403c1 574MiB/1.1GiB(48%) CN:16 DL:15MiB ETA:38s]
[#2403c1 602MiB/1.1GiB(50%) CN:16 DL:16MiB ETA:36s]
[#2403c1 627MiB/1.1GiB(52%) CN:16 DL:15MiB ETA:35s]
[#2403c1 648MiB/1.1GiB(54%) CN:16 DL:15MiB ETA:34s]
[#2403c1 663MiB/1.1GiB(55%) CN:16 DL:12MiB ETA:43s]
[#2403c1 684MiB/1.1GiB(57%) CN:16 DL:11MiB ETA:43s]
[#2403c1 706MiB/1.1GiB(59%) CN:16 DL:19MiB ETA:25s]
[#2403c1 731MiB/1.1GiB(61%) CN:16 DL:19MiB ETA:23s]
[#2403c1 750MiB/1.1GiB(63%) CN:16 DL:19MiB ETA:22s]
[#2403c1 774MiB/1.1GiB(65%) CN:16 DL:20MiB ETA:20s]
[#2403c1 795MiB/1.1GiB(66%) CN:16 DL:19MiB ETA:20s]
[#2403c1 820MiB/1.1GiB(68%) CN:16 DL:19MiB ETA:19s]
[#2403c1 841MiB/1.1GiB(70%) CN:16 DL:19MiB ETA:18s]
[#2403c1 866MiB/1.1GiB(72%) CN:16 DL:22MiB ETA:14s]
[#2403c1 887MiB/1.1GiB(74%) CN:16 DL:22MiB ETA:13s]
[#2403c1 911MiB/1.1GiB(76%) CN:16 DL:22MiB ETA:12s]
[#2403c1 0.9GiB/1.1GiB(78%) CN:16 DL:22MiB ETA:11s]
[#2403c1 0.9GiB/1.1GiB(80%) CN:16 DL:22MiB ETA:10s]
[#2403c1 0.9GiB/1.1GiB(82%) CN:16 DL:22MiB ETA:9s]
[#2403c1 0.9GiB/1.1GiB(84%) CN:16 DL:22MiB ETA:8s]
[#2403c1 1.0GiB/1.1GiB(86%) CN:16 DL:22MiB ETA:7s]
[#2403c1 1.0GiB/1.1GiB(88%) CN:16 DL:22MiB ETA:6s]
[#2403c1 1.0GiB/1.1GiB(90%) CN:16 DL:16MiB ETA:6s]
[#2403c1 1.0GiB/1.1GiB(90%) CN:16 DL:14MiB ETA:7s]
 *** Download Progress Summary as of Thu Sep 10 15:20:24 2026 *** 
===============================================================================
[#2403c1 1.0GiB/1.1GiB(92%) CN:16 DL:14MiB ETA:5s]
FILE: /home/xi/tmp/plant_m6A_data/GSE174573/fastq/SRR14570261_2.fastq.gz.part
-------------------------------------------------------------------------------

[#2403c1 1.0GiB/1.1GiB(92%) CN:16 DL:14MiB ETA:5s]
[#2403c1 1.0GiB/1.1GiB(93%) CN:16 DL:13MiB ETA:5s]
[#2403c1 1.1GiB/1.1GiB(95%) CN:16 DL:13MiB ETA:3s]
[#2403c1 1.1GiB/1.1GiB(97%) CN:11 DL:13MiB ETA:2s]
[#2403c1 1.1GiB/1.1GiB(98%) CN:1 DL:14MiB]
[#2403c1 1.1GiB/1.1GiB(98%) CN:1 DL:13MiB ETA:1s]
[#2403c1 1.1GiB/1.1GiB(98%) CN:1 DL:11MiB ETA:1s]
[#2403c1 1.1GiB/1.1GiB(98%) CN:1 DL:10MiB ETA:1s]
[#2403c1 1.1GiB/1.1GiB(98%) CN:1 DL:10MiB ETA:1s]
[#2403c1 1.1GiB/1.1GiB(98%) CN:1 DL:8.1MiB ETA:1s]
[#2403c1 1.1GiB/1.1GiB(98%) CN:1 DL:4.8MiB ETA:2s]
[#2403c1 1.1GiB/1.1GiB(98%) CN:1 DL:2.5MiB ETA:5s]
[#2403c1 1.1GiB/1.1GiB(98%) CN:1 DL:236KiB ETA:57s]
[#2403c1 1.1GiB/1.1GiB(98%) CN:1 DL:12KiB ETA:17m22s]
[#2403c1 1.1GiB/1.1GiB(98%) CN:1 DL:15KiB ETA:14m33s]
[#2403c1 1.1GiB/1.1GiB(98%) CN:1 DL:14KiB ETA:15m35s]
[#2403c1 1.1GiB/1.1GiB(98%) CN:1 DL:12KiB ETA:17m31s]
[#2403c1 1.1GiB/1.1GiB(98%) CN:1 DL:2.4KiB ETA:1h30m14s]
[#2403c1 1.1GiB/1.1GiB(98%) CN:1 DL:1.8KiB ETA:2h18s]
[#2403c1 1.1GiB/1.1GiB(98%) CN:1 DL:1.4KiB ETA:2h30m25s]
[#2403c1 1.1GiB/1.1GiB(98%) CN:1 DL:1.2KiB ETA:3h32s]
[#2403c1 1.1GiB/1.1GiB(98%) CN:1 DL:1.0KiB ETA:3h30m31s]
[#2403c1 1.1GiB/1.1GiB(98%) CN:1 DL:0.9KiB ETA:4h36s]
[#2403c1 1.1GiB/1.1GiB(98%) CN:1 DL:852B ETA:4h30m49s]
[#2403c1 1.1GiB/1.1GiB(98%) CN:1 DL:7.8KiB ETA:28m52s]
[#2403c1 1.1GiB/1.1GiB(98%) CN:1 DL:3.7KiB ETA:59m30s]
[#2403c1 1.1GiB/1.1GiB(98%) CN:1 DL:2.5KiB ETA:1h28m24s]
[#2403c1 1.1GiB/1.1GiB(98%) CN:1 DL:1.9KiB ETA:1h57m14s]
[#2403c1 1.1GiB/1.1GiB(98%) CN:1 DL:1.5KiB ETA:2h26m7s]
[#2403c1 1.1GiB/1.1GiB(98%) CN:1 DL:1.2KiB ETA:2h55m4s]
[#2403c1 1.1GiB/1.1GiB(98%) CN:1 DL:1.1KiB ETA:3h24m]
[#2403c1 1.1GiB/1.1GiB(98%) CN:1 DL:0.9KiB ETA:3h52m50s]
[#2403c1 1.1GiB/1.1GiB(98%) CN:1 DL:881B ETA:4h21m54s]
[#2403c1 1.1GiB/1.1GiB(98%) CN:1 DL:0B]
[#2403c1 1.1GiB/1.1GiB(98%) CN:1 DL:0B]
[#2403c1 1.1GiB/1.1GiB(98%) CN:1 DL:7.4KiB ETA:30m2s]
[#2403c1 1.1GiB/1.1GiB(98%) CN:1 DL:3.7KiB ETA:1h4s]
[#2403c1 1.1GiB/1.1GiB(98%) CN:1 DL:2.4KiB ETA:1h30m7s]
[#2403c1 1.1GiB/1.1GiB(98%) CN:1 DL:1.8KiB ETA:2h9s]
[#2403c1 1.1GiB/1.1GiB(98%) CN:1 DL:1.4KiB ETA:2h30m14s]
[#2403c1 1.1GiB/1.1GiB(98%) CN:1 DL:1.2KiB ETA:3h20s]
[#2403c1 1.1GiB/1.1GiB(99%) CN:1 DL:192KiB ETA:1m3s]
[#2403c1 1.1GiB/1.1GiB(99%) CN:1 DL:774KiB ETA:9s]
[#2403c1 1.1GiB/1.1GiB(99%) CN:1 DL:1.0MiB ETA:3s]
[#2403c1 1.1GiB/1.1GiB(99%) CN:1 DL:2.7MiB]

Download Results:
gid   |stat|avg speed  |path/URI
======+====+===========+=======================================================
2403c1|OK  |    11MiB/s|/home/xi/tmp/plant_m6A_data/GSE174573/fastq/SRR14570261_2.fastq.gz.part

Status Legend:
(OK):download completed.
=== SRR14570261 fastp ===
=== SRR14570261 hisat2 ===
[bam_sort_core] merging from 2 files and 4 in-memory blocks...
=== SRR14570262 download ===
[#7cd579 0B/0B CN:1 DL:0B]
[#7cd579 0B/0B CN:1 DL:0B]
[#7cd579 0B/0B CN:1 DL:0B]
[#7cd579 4.1MiB/536MiB(0%) CN:16 DL:5.6MiB ETA:1m34s]
[#7cd579 10MiB/536MiB(1%) CN:16 DL:5.6MiB ETA:1m32s]
[#7cd579 15MiB/536MiB(2%) CN:16 DL:5.7MiB ETA:1m30s]
[#7cd579 21MiB/536MiB(3%) CN:16 DL:5.5MiB ETA:1m32s]
[#7cd579 33MiB/536MiB(6%) CN:16 DL:7.1MiB ETA:1m10s]
[#7cd579 53MiB/536MiB(9%) CN:16 DL:9.2MiB ETA:52s]
[#7cd579 76MiB/536MiB(14%) CN:16 DL:11MiB ETA:40s]
[#7cd579 97MiB/536MiB(18%) CN:16 DL:12MiB ETA:35s]
[#7cd579 116MiB/536MiB(21%) CN:16 DL:13MiB ETA:31s]
[#7cd579 135MiB/536MiB(25%) CN:16 DL:13MiB ETA:30s]
[#7cd579 153MiB/536MiB(28%) CN:16 DL:14MiB ETA:26s]
[#7cd579 173MiB/536MiB(32%) CN:16 DL:16MiB ETA:22s]
[#7cd579 196MiB/536MiB(36%) CN:16 DL:17MiB ETA:19s]
[#7cd579 217MiB/536MiB(40%) CN:16 DL:18MiB ETA:17s]
[#7cd579 241MiB/536MiB(45%) CN:16 DL:18MiB ETA:15s]
[#7cd579 262MiB/536MiB(49%) CN:16 DL:18MiB ETA:14s]
[#7cd579 288MiB/536MiB(53%) CN:16 DL:19MiB ETA:12s]
[#7cd579 309MiB/536MiB(57%) CN:16 DL:19MiB ETA:11s]
[#7cd579 333MiB/536MiB(62%) CN:16 DL:21MiB ETA:9s]
[#7cd579 356MiB/536MiB(66%) CN:16 DL:22MiB ETA:8s]
[#7cd579 379MiB/536MiB(70%) CN:16 DL:22MiB ETA:6s]
[#7cd579 400MiB/536MiB(74%) CN:16 DL:22MiB ETA:6s]
[#7cd579 424MiB/536MiB(79%) CN:16 DL:22MiB ETA:4s]
[#7cd579 427MiB/536MiB(79%) CN:16 DL:16MiB ETA:6s]
[#7cd579 449MiB/536MiB(83%) CN:14 DL:16MiB ETA:5s]
[#7cd579 472MiB/536MiB(88%) CN:13 DL:16MiB ETA:3s]
[#7cd579 497MiB/536MiB(92%) CN:12 DL:16MiB ETA:2s]
[#7cd579 519MiB/536MiB(96%) CN:9 DL:16MiB ETA:1s]
[#7cd579 536MiB/536MiB(99%) CN:1 DL:13MiB]

Download Results:
gid   |stat|avg speed  |path/URI
======+====+===========+=======================================================
7cd579|OK  |    16MiB/s|/home/xi/tmp/plant_m6A_data/GSE174573/fastq/SRR14570262_1.fastq.gz.part

Status Legend:
(OK):download completed.
[#53863b 0B/0B CN:1 DL:0B]
[#53863b 14MiB/539MiB(2%) CN:16 DL:18MiB ETA:28s]
[#53863b 36MiB/539MiB(6%) CN:16 DL:20MiB ETA:24s]
[#53863b 58MiB/539MiB(10%) CN:16 DL:20MiB ETA:23s]
[#53863b 82MiB/539MiB(15%) CN:16 DL:21MiB ETA:21s]
[#53863b 103MiB/539MiB(19%) CN:16 DL:21MiB ETA:20s]
[#53863b 127MiB/539MiB(23%) CN:16 DL:21MiB ETA:18s]
[#53863b 134MiB/539MiB(24%) CN:16 DL:18MiB ETA:21s]
[#53863b 158MiB/539MiB(29%) CN:16 DL:19MiB ETA:19s]
[#53863b 179MiB/539MiB(33%) CN:16 DL:19MiB ETA:18s]
[#53863b 203MiB/539MiB(37%) CN:16 DL:19MiB ETA:17s]
[#53863b 227MiB/539MiB(42%) CN:16 DL:19MiB ETA:15s]
[#53863b 250MiB/539MiB(46%) CN:16 DL:19MiB ETA:14s]
[#53863b 274MiB/539MiB(50%) CN:16 DL:20MiB ETA:13s]
[#53863b 296MiB/539MiB(55%) CN:16 DL:20MiB ETA:12s]
[#53863b 320MiB/539MiB(59%) CN:16 DL:20MiB ETA:10s]
[#53863b 342MiB/539MiB(63%) CN:16 DL:22MiB ETA:8s]
[#53863b 363MiB/539MiB(67%) CN:16 DL:22MiB ETA:7s]
[#53863b 387MiB/539MiB(71%) CN:16 DL:22MiB ETA:6s]
[#53863b 409MiB/539MiB(76%) CN:16 DL:22MiB ETA:5s]
[#53863b 434MiB/539MiB(80%) CN:16 DL:22MiB ETA:4s]
[#53863b 455MiB/539MiB(84%) CN:16 DL:22MiB ETA:3s]
[#53863b 480MiB/539MiB(89%) CN:16 DL:22MiB ETA:2s]
[#53863b 502MiB/539MiB(93%) CN:15 DL:22MiB ETA:1s]
[#53863b 509MiB/539MiB(94%) CN:15 DL:17MiB ETA:1s]
[#53863b 531MiB/539MiB(98%) CN:8 DL:17MiB]
[#53863b 538MiB/539MiB(99%) CN:1 DL:13MiB]
[#53863b 538MiB/539MiB(99%) CN:1 DL:10MiB]
[#53863b 538MiB/539MiB(99%) CN:1 DL:8.5MiB]
[#53863b 538MiB/539MiB(99%) CN:1 DL:5.9MiB]

Download Results:
gid   |stat|avg speed  |path/URI
======+====+===========+=======================================================
53863b|OK  |    16MiB/s|/home/xi/tmp/plant_m6A_data/GSE174573/fastq/SRR14570262_2.fastq.gz.part

Status Legend:
(OK):download completed.
=== SRR14570262 fastp ===
=== SRR14570262 hisat2 ===
[bam_sort_core] merging from 1 files and 4 in-memory blocks...
=== SRR14570263 download ===
[#3b0a22 0B/0B CN:1 DL:0B]
[#3b0a22 17MiB/518MiB(3%) CN:16 DL:17MiB ETA:27s]
[#3b0a22 37MiB/518MiB(7%) CN:16 DL:18MiB ETA:25s]
[#3b0a22 60MiB/518MiB(11%) CN:16 DL:20MiB ETA:22s]
[#3b0a22 78MiB/518MiB(15%) CN:16 DL:17MiB ETA:24s]
[#3b0a22 101MiB/518MiB(19%) CN:16 DL:18MiB ETA:22s]
[#3b0a22 123MiB/518MiB(23%) CN:16 DL:19MiB ETA:20s]
[#3b0a22 144MiB/518MiB(27%) CN:16 DL:19MiB ETA:19s]
[#3b0a22 168MiB/518MiB(32%) CN:16 DL:19MiB ETA:17s]
[#3b0a22 188MiB/518MiB(36%) CN:16 DL:20MiB ETA:16s]
[#3b0a22 209MiB/518MiB(40%) CN:16 DL:20MiB ETA:15s]
[#3b0a22 233MiB/518MiB(45%) CN:16 DL:20MiB ETA:13s]
[#3b0a22 253MiB/518MiB(48%) CN:16 DL:20MiB ETA:12s]
[#3b0a22 277MiB/518MiB(53%) CN:16 DL:21MiB ETA:11s]
[#3b0a22 298MiB/518MiB(57%) CN:16 DL:21MiB ETA:10s]
[#3b0a22 319MiB/518MiB(61%) CN:16 DL:21MiB ETA:9s]
[#3b0a22 344MiB/518MiB(66%) CN:16 DL:21MiB ETA:7s]
[#3b0a22 364MiB/518MiB(70%) CN:16 DL:21MiB ETA:7s]
[#3b0a22 378MiB/518MiB(73%) CN:16 DL:15MiB ETA:8s]
[#3b0a22 401MiB/518MiB(77%) CN:16 DL:16MiB ETA:7s]
[#3b0a22 425MiB/518MiB(82%) CN:16 DL:16MiB ETA:5s]
[#3b0a22 447MiB/518MiB(86%) CN:16 DL:16MiB ETA:4s]
[#3b0a22 473MiB/518MiB(91%) CN:16 DL:16MiB ETA:2s]
[#3b0a22 495MiB/518MiB(95%) CN:13 DL:16MiB ETA:1s]
[#3b0a22 516MiB/518MiB(99%) CN:2 DL:16MiB]

Download Results:
gid   |stat|avg speed  |path/URI
======+====+===========+=======================================================
3b0a22|OK  |    19MiB/s|/home/xi/tmp/plant_m6A_data/GSE174573/fastq/SRR14570263_1.fastq.gz.part

Status Legend:
(OK):download completed.
[#0c52c8 0B/0B CN:1 DL:0B]
[#0c52c8 0B/0B CN:1 DL:0B]
[#0c52c8 0B/0B CN:1 DL:0B]
[#0c52c8 0B/0B CN:1 DL:0B]
[#0c52c8 0B/0B CN:1 DL:0B]
[#0c52c8 1.1MiB/527MiB(0%) CN:16 DL:4.7MiB ETA:1m51s]
[#0c52c8 7.0MiB/527MiB(1%) CN:16 DL:5.7MiB ETA:1m30s]
[#0c52c8 12MiB/527MiB(2%) CN:16 DL:5.7MiB ETA:1m29s]
[#0c52c8 17MiB/527MiB(3%) CN:16 DL:5.5MiB ETA:1m32s]
[#0c52c8 23MiB/527MiB(4%) CN:16 DL:5.5MiB ETA:1m31s]
[#0c52c8 30MiB/527MiB(5%) CN:16 DL:5.8MiB ETA:1m24s]
[#0c52c8 56MiB/527MiB(10%) CN:16 DL:9.0MiB ETA:51s]
[#0c52c8 76MiB/527MiB(14%) CN:16 DL:10MiB ETA:42s]
[#0c52c8 96MiB/527MiB(18%) CN:16 DL:11MiB ETA:37s]
[#0c52c8 118MiB/527MiB(22%) CN:16 DL:12MiB ETA:32s]
[#0c52c8 142MiB/527MiB(26%) CN:16 DL:14MiB ETA:26s]
[#0c52c8 163MiB/527MiB(30%) CN:16 DL:16MiB ETA:22s]
[#0c52c8 179MiB/527MiB(33%) CN:16 DL:16MiB ETA:20s]
[#0c52c8 201MiB/527MiB(38%) CN:16 DL:18MiB ETA:17s]
[#0c52c8 226MiB/527MiB(42%) CN:16 DL:18MiB ETA:16s]
[#0c52c8 245MiB/527MiB(46%) CN:16 DL:18MiB ETA:15s]
[#0c52c8 270MiB/527MiB(51%) CN:16 DL:19MiB ETA:13s]
[#0c52c8 290MiB/527MiB(55%) CN:16 DL:18MiB ETA:12s]
[#0c52c8 313MiB/527MiB(59%) CN:16 DL:18MiB ETA:11s]
[#0c52c8 337MiB/527MiB(63%) CN:16 DL:19MiB ETA:9s]
[#0c52c8 361MiB/527MiB(68%) CN:16 DL:22MiB ETA:7s]
[#0c52c8 380MiB/527MiB(72%) CN:16 DL:22MiB ETA:6s]
[#0c52c8 404MiB/527MiB(76%) CN:16 DL:22MiB ETA:5s]
[#0c52c8 429MiB/527MiB(81%) CN:16 DL:22MiB ETA:4s]
[#0c52c8 451MiB/527MiB(85%) CN:16 DL:22MiB ETA:3s]
[#0c52c8 473MiB/527MiB(89%) CN:11 DL:22MiB ETA:2s]
[#0c52c8 495MiB/527MiB(93%) CN:5 DL:22MiB ETA:1s]
[#0c52c8 503MiB/527MiB(95%) CN:3 DL:21MiB ETA:1s]
[#0c52c8 503MiB/527MiB(95%) CN:3 DL:18MiB ETA:1s]
[#0c52c8 503MiB/527MiB(95%) CN:3 DL:16MiB ETA:1s]
[#0c52c8 503MiB/527MiB(95%) CN:3 DL:14MiB ETA:1s]
[#0c52c8 503MiB/527MiB(95%) CN:3 DL:12MiB ETA:1s]
[#0c52c8 503MiB/527MiB(95%) CN:3 DL:9.7MiB ETA:2s]
[#0c52c8 503MiB/527MiB(95%) CN:3 DL:7.2MiB ETA:3s]
[#0c52c8 503MiB/527MiB(95%) CN:3 DL:4.6MiB ETA:5s]
[#0c52c8 503MiB/527MiB(95%) CN:2 DL:693KiB ETA:35s]
[#0c52c8 503MiB/527MiB(95%) CN:2 DL:62KiB ETA:6m33s]
[#0c52c8 503MiB/527MiB(95%) CN:2 DL:42KiB ETA:9m35s]
[#0c52c8 503MiB/527MiB(95%) CN:2 DL:32KiB ETA:12m36s]
[#0c52c8 503MiB/527MiB(95%) CN:2 DL:26KiB ETA:15m37s]
[#0c52c8 503MiB/527MiB(95%) CN:2 DL:20KiB ETA:20m13s]
[#0c52c8 503MiB/527MiB(95%) CN:2 DL:17KiB ETA:23m4s]
[#0c52c8 503MiB/527MiB(95%) CN:2 DL:16KiB ETA:24m50s]
[#0c52c8 503MiB/527MiB(95%) CN:2 DL:5.5KiB ETA:1h13m14s]
[#0c52c8 503MiB/527MiB(95%) CN:2 DL:6.0KiB ETA:1h8m]
[#0c52c8 503MiB/527MiB(95%) CN:2 DL:5.0KiB ETA:1h21m6s]
[#0c52c8 503MiB/527MiB(95%) CN:2 DL:4.3KiB ETA:1h34m12s]
[#0c52c8 503MiB/527MiB(95%) CN:2 DL:3.8KiB ETA:1h47m19s]
[#0c52c8 503MiB/527MiB(95%) CN:2 DL:3.3KiB ETA:2h26s]
[#0c52c8 503MiB/527MiB(95%) CN:2 DL:2.8KiB ETA:2h21m25s]
[#0c52c8 504MiB/527MiB(95%) CN:2 DL:11KiB ETA:35m1s]
 *** Download Progress Summary as of Thu Sep 10 15:34:34 2026 *** 
===============================================================================
[#0c52c8 504MiB/527MiB(95%) CN:2 DL:10KiB ETA:37m4s]
FILE: /home/xi/tmp/plant_m6A_data/GSE174573/fastq/SRR14570263_2.fastq.gz.part
-------------------------------------------------------------------------------

[#0c52c8 504MiB/527MiB(95%) CN:2 DL:10KiB ETA:37m4s]
[#0c52c8 504MiB/527MiB(95%) CN:2 DL:28KiB ETA:14m31s]
[#0c52c8 504MiB/527MiB(95%) CN:2 DL:21KiB ETA:19m17s]
[#0c52c8 504MiB/527MiB(95%) CN:2 DL:16KiB ETA:24m2s]
[#0c52c8 504MiB/527MiB(95%) CN:2 DL:14KiB ETA:28m47s]
[#0c52c8 504MiB/527MiB(95%) CN:2 DL:12KiB ETA:33m32s]
[#0c52c8 504MiB/527MiB(95%) CN:2 DL:10KiB ETA:38m17s]
[#0c52c8 504MiB/527MiB(95%) CN:2 DL:9.4KiB ETA:43m2s]
[#0c52c8 504MiB/527MiB(95%) CN:2 DL:0B]
[#0c52c8 504MiB/527MiB(95%) CN:2 DL:0B]
[#0c52c8 504MiB/527MiB(95%) CN:2 DL:75KiB ETA:5m22s]
[#0c52c8 504MiB/527MiB(95%) CN:2 DL:48KiB ETA:8m25s]
[#0c52c8 504MiB/527MiB(95%) CN:2 DL:35KiB ETA:11m29s]
[#0c52c8 504MiB/527MiB(95%) CN:2 DL:27KiB ETA:14m32s]
[#0c52c8 504MiB/527MiB(95%) CN:2 DL:22KiB ETA:17m52s]
[#0c52c8 504MiB/527MiB(95%) CN:2 DL:57KiB ETA:6m54s]
[#0c52c8 508MiB/527MiB(96%) CN:2 DL:629KiB ETA:30s]
[#0c52c8 511MiB/527MiB(96%) CN:2 DL:920KiB ETA:17s]
[#0c52c8 512MiB/527MiB(97%) CN:2 DL:845KiB ETA:18s]
[#0c52c8 512MiB/527MiB(97%) CN:2 DL:1.8MiB ETA:8s]
[#0c52c8 512MiB/527MiB(97%) CN:2 DL:1.5MiB ETA:10s]
[#0c52c8 513MiB/527MiB(97%) CN:1 DL:1.3MiB ETA:11s]
[#0c52c8 519MiB/527MiB(98%) CN:1 DL:2.0MiB ETA:4s]
[#0c52c8 527MiB/527MiB(99%) CN:1 DL:2.6MiB]

Download Results:
gid   |stat|avg speed  |path/URI
======+====+===========+=======================================================
0c52c8|OK  |   6.6MiB/s|/home/xi/tmp/plant_m6A_data/GSE174573/fastq/SRR14570263_2.fastq.gz.part

Status Legend:
(OK):download completed.
=== SRR14570263 fastp ===
=== SRR14570263 hisat2 ===
[bam_sort_core] merging from 1 files and 4 in-memory blocks...
=== SRR14570264 download ===
[#0b0097 0B/0B CN:1 DL:0B]
[#0b0097 0B/0B CN:1 DL:0B]
[#0b0097 2.0MiB/571MiB(0%) CN:16 DL:5.4MiB ETA:1m44s]
[#0b0097 8.7MiB/571MiB(1%) CN:16 DL:6.3MiB ETA:1m28s]
[#0b0097 19MiB/571MiB(3%) CN:16 DL:8.1MiB ETA:1m7s]
[#0b0097 37MiB/571MiB(6%) CN:16 DL:11MiB ETA:48s]
[#0b0097 62MiB/571MiB(10%) CN:16 DL:14MiB ETA:36s]
[#0b0097 84MiB/571MiB(14%) CN:16 DL:15MiB ETA:31s]
[#0b0097 107MiB/571MiB(18%) CN:16 DL:16MiB ETA:27s]
[#0b0097 130MiB/571MiB(22%) CN:16 DL:17MiB ETA:25s]
[#0b0097 152MiB/571MiB(26%) CN:16 DL:18MiB ETA:23s]
[#0b0097 176MiB/571MiB(30%) CN:16 DL:18MiB ETA:21s]
[#0b0097 198MiB/571MiB(34%) CN:16 DL:20MiB ETA:18s]
[#0b0097 220MiB/571MiB(38%) CN:16 DL:21MiB ETA:16s]
[#0b0097 233MiB/571MiB(40%) CN:16 DL:18MiB ETA:18s]
[#0b0097 257MiB/571MiB(45%) CN:16 DL:18MiB ETA:17s]
[#0b0097 282MiB/571MiB(49%) CN:16 DL:18MiB ETA:15s]
[#0b0097 303MiB/571MiB(53%) CN:16 DL:18MiB ETA:14s]
[#0b0097 326MiB/571MiB(57%) CN:16 DL:18MiB ETA:13s]
[#0b0097 347MiB/571MiB(60%) CN:16 DL:18MiB ETA:12s]
[#0b0097 370MiB/571MiB(64%) CN:16 DL:18MiB ETA:10s]
[#0b0097 392MiB/571MiB(68%) CN:16 DL:18MiB ETA:9s]
[#0b0097 416MiB/571MiB(72%) CN:16 DL:22MiB ETA:6s]
[#0b0097 439MiB/571MiB(76%) CN:14 DL:22MiB ETA:5s]
[#0b0097 461MiB/571MiB(80%) CN:13 DL:22MiB ETA:4s]
[#0b0097 483MiB/571MiB(84%) CN:12 DL:22MiB ETA:3s]
[#0b0097 505MiB/571MiB(88%) CN:12 DL:22MiB ETA:2s]
[#0b0097 530MiB/571MiB(92%) CN:12 DL:22MiB ETA:1s]
[#0b0097 552MiB/571MiB(96%) CN:5 DL:22MiB]
[#0b0097 558MiB/571MiB(97%) CN:3 DL:19MiB]
[#0b0097 558MiB/571MiB(97%) CN:3 DL:17MiB]
[#0b0097 558MiB/571MiB(97%) CN:2 DL:10MiB ETA:1s]
[#0b0097 558MiB/571MiB(97%) CN:1 DL:7.9MiB ETA:1s]
[#0b0097 558MiB/571MiB(97%) CN:1 DL:5.3MiB ETA:2s]
[#0b0097 558MiB/571MiB(97%) CN:1 DL:2.9MiB ETA:4s]
[#0b0097 558MiB/571MiB(97%) CN:1 DL:587KiB ETA:22s]
[#0b0097 558MiB/571MiB(97%) CN:1 DL:85KiB ETA:2m32s]
[#0b0097 566MiB/571MiB(99%) CN:1 DL:0.9MiB ETA:5s]

Download Results:
gid   |stat|avg speed  |path/URI
======+====+===========+=======================================================
0b0097|OK  |    14MiB/s|/home/xi/tmp/plant_m6A_data/GSE174573/fastq/SRR14570264_1.fastq.gz.part

Status Legend:
(OK):download completed.
[#f95b94 0B/0B CN:1 DL:0B]
[#f95b94 0B/0B CN:1 DL:0B]
[#f95b94 0B/0B CN:1 DL:0B]
[#f95b94 0.9MiB/591MiB(0%) CN:16 DL:4.9MiB ETA:2m]
[#f95b94 5.7MiB/591MiB(0%) CN:16 DL:4.8MiB ETA:2m]
[#f95b94 14MiB/591MiB(2%) CN:16 DL:6.8MiB ETA:1m24s]
[#f95b94 22MiB/591MiB(3%) CN:16 DL:7.1MiB ETA:1m19s]
[#f95b94 30MiB/591MiB(5%) CN:16 DL:7.3MiB ETA:1m16s]
[#f95b94 37MiB/591MiB(6%) CN:16 DL:6.1MiB ETA:1m30s]
[#f95b94 37MiB/591MiB(6%) CN:16 DL:5.2MiB ETA:1m44s]
[#f95b94 45MiB/591MiB(7%) CN:16 DL:5.6MiB ETA:1m37s]
[#f95b94 51MiB/591MiB(8%) CN:16 DL:5.6MiB ETA:1m35s]
[#f95b94 59MiB/591MiB(10%) CN:16 DL:6.0MiB ETA:1m27s]
[#f95b94 67MiB/591MiB(11%) CN:16 DL:6.0MiB ETA:1m27s]
[#f95b94 74MiB/591MiB(12%) CN:16 DL:5.5MiB ETA:1m33s]
[#f95b94 74MiB/591MiB(12%) CN:16 DL:4.6MiB ETA:1m50s]
[#f95b94 74MiB/591MiB(12%) CN:16 DL:4.3MiB ETA:1m59s]
[#f95b94 74MiB/591MiB(12%) CN:16 DL:3.8MiB ETA:2m13s]
[#f95b94 74MiB/591MiB(12%) CN:16 DL:3.0MiB ETA:2m47s]
[#f95b94 75MiB/591MiB(12%) CN:16 DL:2.4MiB ETA:3m34s]
[#f95b94 90MiB/591MiB(15%) CN:16 DL:3.0MiB ETA:2m44s]
[#f95b94 110MiB/591MiB(18%) CN:16 DL:4.3MiB ETA:1m51s]
[#f95b94 122MiB/591MiB(20%) CN:16 DL:5.0MiB ETA:1m32s]
[#f95b94 144MiB/591MiB(24%) CN:16 DL:7.5MiB ETA:59s]
[#f95b94 180MiB/591MiB(30%) CN:16 DL:15MiB ETA:26s]
[#f95b94 215MiB/591MiB(36%) CN:16 DL:18MiB ETA:20s]
[#f95b94 257MiB/591MiB(43%) CN:16 DL:20MiB ETA:15s]
[#f95b94 310MiB/591MiB(52%) CN:16 DL:24MiB ETA:11s]
[#f95b94 351MiB/591MiB(59%) CN:16 DL:30MiB ETA:8s]
[#f95b94 392MiB/591MiB(66%) CN:16 DL:33MiB ETA:6s]
[#f95b94 426MiB/591MiB(72%) CN:16 DL:34MiB ETA:4s]
[#f95b94 454MiB/591MiB(76%) CN:16 DL:36MiB ETA:3s]
[#f95b94 477MiB/591MiB(80%) CN:16 DL:36MiB ETA:3s]
[#f95b94 488MiB/591MiB(82%) CN:16 DL:34MiB ETA:3s]
[#f95b94 491MiB/591MiB(83%) CN:16 DL:24MiB ETA:4s]
[#f95b94 493MiB/591MiB(83%) CN:13 DL:19MiB ETA:5s]
[#f95b94 513MiB/591MiB(86%) CN:10 DL:16MiB ETA:4s]
[#f95b94 518MiB/591MiB(87%) CN:9 DL:13MiB ETA:5s]
[#f95b94 531MiB/591MiB(89%) CN:8 DL:10MiB ETA:5s]
[#f95b94 540MiB/591MiB(91%) CN:6 DL:9.0MiB ETA:5s]
[#f95b94 549MiB/591MiB(92%) CN:6 DL:7.3MiB ETA:5s]
[#f95b94 549MiB/591MiB(92%) CN:6 DL:7.1MiB ETA:5s]
[#f95b94 549MiB/591MiB(92%) CN:6 DL:6.0MiB ETA:6s]
[#f95b94 549MiB/591MiB(92%) CN:5 DL:3.9MiB ETA:10s]
[#f95b94 550MiB/591MiB(92%) CN:5 DL:3.3MiB ETA:12s]
[#f95b94 550MiB/591MiB(92%) CN:5 DL:1.7MiB ETA:23s]
[#f95b94 550MiB/591MiB(92%) CN:5 DL:0.9MiB ETA:42s]
[#f95b94 550MiB/591MiB(92%) CN:5 DL:58KiB ETA:12m5s]
[#f95b94 550MiB/591MiB(92%) CN:5 DL:61KiB ETA:11m34s]
[#f95b94 553MiB/591MiB(93%) CN:5 DL:417KiB ETA:1m34s]
[#f95b94 567MiB/591MiB(95%) CN:4 DL:1.8MiB ETA:13s]
 *** Download Progress Summary as of Thu Sep 10 15:40:02 2026 *** 
===============================================================================
[#f95b94 567MiB/591MiB(95%) CN:4 DL:2.1MiB ETA:11s]
FILE: /home/xi/tmp/plant_m6A_data/GSE174573/fastq/SRR14570264_2.fastq.gz.part
-------------------------------------------------------------------------------

[#f95b94 567MiB/591MiB(95%) CN:4 DL:2.1MiB ETA:11s]
[#f95b94 567MiB/591MiB(95%) CN:4 DL:1.8MiB ETA:13s]
[#f95b94 567MiB/591MiB(95%) CN:4 DL:1.9MiB ETA:12s]
[#f95b94 567MiB/591MiB(95%) CN:4 DL:1.9MiB ETA:12s]
[#f95b94 568MiB/591MiB(95%) CN:4 DL:1.8MiB ETA:13s]
[#f95b94 568MiB/591MiB(95%) CN:4 DL:1.9MiB ETA:12s]
[#f95b94 568MiB/591MiB(95%) CN:4 DL:432KiB ETA:56s]
[#f95b94 568MiB/591MiB(95%) CN:4 DL:62KiB ETA:6m33s]
[#f95b94 568MiB/591MiB(95%) CN:4 DL:51KiB ETA:7m58s]
[#f95b94 568MiB/591MiB(95%) CN:4 DL:55KiB ETA:7m18s]
[#f95b94 568MiB/591MiB(95%) CN:4 DL:49KiB ETA:8m15s]
[#f95b94 568MiB/591MiB(95%) CN:4 DL:43KiB ETA:9m13s]
[#f95b94 568MiB/591MiB(95%) CN:4 DL:28KiB ETA:14m4s]
[#f95b94 571MiB/591MiB(96%) CN:3 DL:552KiB ETA:38s]
[#f95b94 576MiB/591MiB(97%) CN:3 DL:1.0MiB ETA:14s]
[#f95b94 576MiB/591MiB(97%) CN:3 DL:0.9MiB ETA:16s]
[#f95b94 576MiB/591MiB(97%) CN:3 DL:855KiB ETA:18s]
[#f95b94 576MiB/591MiB(97%) CN:3 DL:1.2MiB ETA:12s]
[#f95b94 583MiB/591MiB(98%) CN:2 DL:2.0MiB ETA:4s]

Download Results:
gid   |stat|avg speed  |path/URI
======+====+===========+=======================================================
f95b94|OK  |   7.6MiB/s|/home/xi/tmp/plant_m6A_data/GSE174573/fastq/SRR14570264_2.fastq.gz.part

Status Legend:
(OK):download completed.
=== SRR14570264 fastp ===
=== SRR14570264 hisat2 ===
[bam_sort_core] merging from 1 files and 4 in-memory blocks...
=== SRR14570265 download ===
[#425204 0B/0B CN:1 DL:0B]
[#425204 0B/0B CN:1 DL:0B]
[#425204 0B/0B CN:1 DL:0B]
[#425204 80KiB/564MiB(0%) CN:16 DL:1.9MiB ETA:4m43s]
[#425204 7.2MiB/564MiB(1%) CN:16 DL:6.9MiB ETA:1m19s]
[#425204 14MiB/564MiB(2%) CN:16 DL:7.2MiB ETA:1m15s]
[#425204 22MiB/564MiB(3%) CN:16 DL:7.3MiB ETA:1m13s]
[#425204 29MiB/564MiB(5%) CN:16 DL:7.3MiB ETA:1m13s]
[#425204 42MiB/564MiB(7%) CN:16 DL:8.4MiB ETA:1m2s]
[#425204 67MiB/564MiB(11%) CN:16 DL:11MiB ETA:44s]
[#425204 88MiB/564MiB(15%) CN:16 DL:12MiB ETA:37s]
[#425204 109MiB/564MiB(19%) CN:16 DL:13MiB ETA:33s]
[#425204 131MiB/564MiB(23%) CN:16 DL:14MiB ETA:29s]
[#425204 155MiB/564MiB(27%) CN:16 DL:16MiB ETA:25s]
[#425204 176MiB/564MiB(31%) CN:16 DL:17MiB ETA:21s]
[#425204 200MiB/564MiB(35%) CN:16 DL:19MiB ETA:18s]
[#425204 223MiB/564MiB(39%) CN:16 DL:21MiB ETA:16s]
[#425204 228MiB/564MiB(40%) CN:16 DL:18MiB ETA:18s]
[#425204 251MiB/564MiB(44%) CN:16 DL:18MiB ETA:16s]
[#425204 272MiB/564MiB(48%) CN:16 DL:18MiB ETA:15s]
[#425204 298MiB/564MiB(52%) CN:16 DL:18MiB ETA:14s]
[#425204 319MiB/564MiB(56%) CN:16 DL:18MiB ETA:13s]
[#425204 342MiB/564MiB(60%) CN:16 DL:18MiB ETA:11s]
[#425204 369MiB/564MiB(65%) CN:16 DL:18MiB ETA:10s]
[#425204 391MiB/564MiB(69%) CN:16 DL:18MiB ETA:9s]
[#425204 416MiB/564MiB(73%) CN:16 DL:22MiB ETA:6s]
[#425204 438MiB/564MiB(77%) CN:16 DL:22MiB ETA:5s]
[#425204 462MiB/564MiB(81%) CN:14 DL:22MiB ETA:4s]
[#425204 486MiB/564MiB(86%) CN:13 DL:23MiB ETA:3s]
[#425204 509MiB/564MiB(90%) CN:12 DL:22MiB ETA:2s]
[#425204 532MiB/564MiB(94%) CN:9 DL:22MiB ETA:1s]
[#425204 554MiB/564MiB(98%) CN:3 DL:23MiB]
[#425204 555MiB/564MiB(98%) CN:1 DL:20MiB]
[#425204 556MiB/564MiB(98%) CN:1 DL:15MiB]
[#425204 556MiB/564MiB(98%) CN:1 DL:12MiB]
[#425204 556MiB/564MiB(98%) CN:1 DL:10MiB]
[#425204 556MiB/564MiB(98%) CN:1 DL:7.5MiB ETA:1s]
[#425204 556MiB/564MiB(98%) CN:1 DL:6.7MiB ETA:1s]
[#425204 556MiB/564MiB(98%) CN:1 DL:2.3MiB ETA:3s]
[#425204 560MiB/564MiB(99%) CN:1 DL:589KiB ETA:5s]
[#425204 563MiB/564MiB(99%) CN:1 DL:0.9MiB]
[#425204 563MiB/564MiB(99%) CN:1 DL:852KiB]
[#425204 563MiB/564MiB(99%) CN:1 DL:1.4MiB]
[#425204 563MiB/564MiB(99%) CN:1 DL:1.2MiB]
[#425204 564MiB/564MiB(99%) CN:1 DL:1.0MiB]

Download Results:
gid   |stat|avg speed  |path/URI
======+====+===========+=======================================================
425204|OK  |    12MiB/s|/home/xi/tmp/plant_m6A_data/GSE174573/fastq/SRR14570265_1.fastq.gz.part

Status Legend:
(OK):download completed.
[#b43a31 0B/0B CN:1 DL:0B]
[#b43a31 0B/574MiB(0%) CN:16 DL:540KiB ETA:18m8s]
[#b43a31 7.0MiB/574MiB(1%) CN:16 DL:6.9MiB ETA:1m21s]
[#b43a31 14MiB/574MiB(2%) CN:16 DL:7.2MiB ETA:1m16s]
[#b43a31 22MiB/574MiB(3%) CN:16 DL:7.5MiB ETA:1m12s]
[#b43a31 31MiB/574MiB(5%) CN:16 DL:7.7MiB ETA:1m10s]
[#b43a31 35MiB/574MiB(6%) CN:16 DL:7.1MiB ETA:1m15s]
[#b43a31 55MiB/574MiB(9%) CN:16 DL:9.2MiB ETA:56s]
[#b43a31 74MiB/574MiB(12%) CN:16 DL:10MiB ETA:48s]
[#b43a31 98MiB/574MiB(17%) CN:16 DL:12MiB ETA:39s]
[#b43a31 121MiB/574MiB(21%) CN:16 DL:13MiB ETA:34s]
[#b43a31 144MiB/574MiB(25%) CN:16 DL:14MiB ETA:28s]
[#b43a31 166MiB/574MiB(28%) CN:16 DL:16MiB ETA:24s]
[#b43a31 190MiB/574MiB(33%) CN:16 DL:18MiB ETA:21s]
[#b43a31 212MiB/574MiB(36%) CN:16 DL:19MiB ETA:18s]
[#b43a31 236MiB/574MiB(41%) CN:16 DL:21MiB ETA:15s]
[#b43a31 258MiB/574MiB(44%) CN:16 DL:21MiB ETA:14s]
[#b43a31 281MiB/574MiB(49%) CN:16 DL:22MiB ETA:12s]
[#b43a31 305MiB/574MiB(53%) CN:16 DL:22MiB ETA:11s]
[#b43a31 329MiB/574MiB(57%) CN:16 DL:22MiB ETA:10s]
[#b43a31 343MiB/574MiB(59%) CN:16 DL:16MiB ETA:13s]
[#b43a31 366MiB/574MiB(63%) CN:16 DL:16MiB ETA:12s]
[#b43a31 388MiB/574MiB(67%) CN:16 DL:16MiB ETA:11s]
[#b43a31 412MiB/574MiB(71%) CN:16 DL:16MiB ETA:9s]
[#b43a31 436MiB/574MiB(76%) CN:16 DL:16MiB ETA:8s]
[#b43a31 459MiB/574MiB(79%) CN:14 DL:16MiB ETA:6s]
[#b43a31 481MiB/574MiB(83%) CN:13 DL:16MiB ETA:5s]
[#b43a31 503MiB/574MiB(87%) CN:13 DL:22MiB ETA:3s]
[#b43a31 527MiB/574MiB(91%) CN:11 DL:22MiB ETA:2s]
[#b43a31 549MiB/574MiB(95%) CN:7 DL:22MiB ETA:1s]
[#b43a31 564MiB/574MiB(98%) CN:2 DL:21MiB]
[#b43a31 565MiB/574MiB(98%) CN:1 DL:19MiB]
[#b43a31 565MiB/574MiB(98%) CN:1 DL:16MiB]
[#b43a31 565MiB/574MiB(98%) CN:1 DL:13MiB]
[#b43a31 565MiB/574MiB(98%) CN:1 DL:9.1MiB]
[#b43a31 565MiB/574MiB(98%) CN:1 DL:8.2MiB ETA:1s]
[#b43a31 565MiB/574MiB(98%) CN:1 DL:5.9MiB ETA:1s]
[#b43a31 565MiB/574MiB(98%) CN:1 DL:3.4MiB ETA:2s]
[#b43a31 565MiB/574MiB(98%) CN:1 DL:1.3MiB ETA:6s]
[#b43a31 565MiB/574MiB(98%) CN:1 DL:11KiB ETA:12m57s]
[#b43a31 574MiB/574MiB(99%) CN:1 DL:1.0MiB]
[#b43a31 574MiB/574MiB(99%) CN:1 DL:0.9MiB]
[#b43a31 574MiB/574MiB(99%) CN:1 DL:897KiB]
[#b43a31 574MiB/574MiB(99%) CN:1 DL:1.4MiB]
[#b43a31 574MiB/574MiB(99%) CN:1 DL:1.2MiB]
[#b43a31 574MiB/574MiB(99%) CN:1 DL:1.1MiB]

Download Results:
gid   |stat|avg speed  |path/URI
======+====+===========+=======================================================
b43a31|OK  |    11MiB/s|/home/xi/tmp/plant_m6A_data/GSE174573/fastq/SRR14570265_2.fastq.gz.part

Status Legend:
(OK):download completed.
=== SRR14570265 fastp ===
=== SRR14570265 hisat2 ===
[bam_sort_core] merging from 1 files and 4 in-memory blocks...
=== SRR14570266 download ===
[#50d8d2 752KiB/467MiB(0%) CN:16 DL:5.8MiB ETA:1m19s]
[#50d8d2 23MiB/467MiB(4%) CN:16 DL:20MiB ETA:22s]
[#50d8d2 45MiB/467MiB(9%) CN:16 DL:21MiB ETA:20s]
[#50d8d2 67MiB/467MiB(14%) CN:16 DL:21MiB ETA:18s]
[#50d8d2 87MiB/467MiB(18%) CN:16 DL:21MiB ETA:18s]
[#50d8d2 111MiB/467MiB(23%) CN:16 DL:21MiB ETA:16s]
[#50d8d2 136MiB/467MiB(29%) CN:16 DL:22MiB ETA:14s]
[#50d8d2 140MiB/467MiB(29%) CN:16 DL:18MiB ETA:17s]
[#50d8d2 165MiB/467MiB(35%) CN:16 DL:18MiB ETA:15s]
[#50d8d2 187MiB/467MiB(40%) CN:16 DL:19MiB ETA:14s]
[#50d8d2 211MiB/467MiB(45%) CN:16 DL:19MiB ETA:13s]
[#50d8d2 235MiB/467MiB(50%) CN:16 DL:19MiB ETA:11s]
[#50d8d2 255MiB/467MiB(54%) CN:16 DL:19MiB ETA:10s]
[#50d8d2 282MiB/467MiB(60%) CN:16 DL:20MiB ETA:9s]
[#50d8d2 302MiB/467MiB(64%) CN:16 DL:19MiB ETA:8s]
[#50d8d2 328MiB/467MiB(70%) CN:16 DL:19MiB ETA:7s]
[#50d8d2 347MiB/467MiB(74%) CN:16 DL:22MiB ETA:5s]
[#50d8d2 375MiB/467MiB(80%) CN:16 DL:22MiB ETA:4s]
[#50d8d2 396MiB/467MiB(84%) CN:16 DL:22MiB ETA:3s]
[#50d8d2 422MiB/467MiB(90%) CN:12 DL:22MiB ETA:1s]
[#50d8d2 445MiB/467MiB(95%) CN:9 DL:22MiB]
[#50d8d2 466MiB/467MiB(99%) CN:2 DL:22MiB]

Download Results:
gid   |stat|avg speed  |path/URI
======+====+===========+=======================================================
50d8d2|OK  |    21MiB/s|/home/xi/tmp/plant_m6A_data/GSE174573/fastq/SRR14570266_1.fastq.gz.part

Status Legend:
(OK):download completed.
[#02b9e0 768KiB/492MiB(0%) CN:16 DL:5.9MiB ETA:1m23s]
[#02b9e0 8.0MiB/492MiB(1%) CN:16 DL:7.1MiB ETA:1m8s]
[#02b9e0 15MiB/492MiB(3%) CN:16 DL:7.3MiB ETA:1m4s]
[#02b9e0 23MiB/492MiB(4%) CN:16 DL:7.5MiB ETA:1m2s]
[#02b9e0 29MiB/492MiB(6%) CN:16 DL:7.2MiB ETA:1m4s]
[#02b9e0 30MiB/492MiB(6%) CN:16 DL:5.9MiB ETA:1m17s]
[#02b9e0 52MiB/492MiB(10%) CN:16 DL:8.3MiB ETA:52s]
[#02b9e0 73MiB/492MiB(14%) CN:16 DL:10MiB ETA:41s]
[#02b9e0 94MiB/492MiB(19%) CN:16 DL:11MiB ETA:34s]
[#02b9e0 117MiB/492MiB(23%) CN:16 DL:12MiB ETA:29s]
[#02b9e0 129MiB/492MiB(26%) CN:16 DL:12MiB ETA:29s]
[#02b9e0 153MiB/492MiB(31%) CN:16 DL:14MiB ETA:24s]
[#02b9e0 176MiB/492MiB(35%) CN:16 DL:15MiB ETA:20s]
[#02b9e0 199MiB/492MiB(40%) CN:16 DL:17MiB ETA:17s]
[#02b9e0 222MiB/492MiB(45%) CN:16 DL:19MiB ETA:13s]
[#02b9e0 246MiB/492MiB(49%) CN:16 DL:19MiB ETA:12s]
[#02b9e0 268MiB/492MiB(54%) CN:16 DL:20MiB ETA:11s]
[#02b9e0 291MiB/492MiB(59%) CN:16 DL:20MiB ETA:9s]
[#02b9e0 314MiB/492MiB(63%) CN:16 DL:20MiB ETA:8s]
[#02b9e0 337MiB/492MiB(68%) CN:16 DL:22MiB ETA:6s]
[#02b9e0 360MiB/492MiB(73%) CN:16 DL:22MiB ETA:5s]
[#02b9e0 383MiB/492MiB(77%) CN:16 DL:22MiB ETA:4s]
[#02b9e0 406MiB/492MiB(82%) CN:16 DL:22MiB ETA:3s]
[#02b9e0 430MiB/492MiB(87%) CN:14 DL:23MiB ETA:2s]
[#02b9e0 454MiB/492MiB(92%) CN:11 DL:23MiB ETA:1s]
[#02b9e0 477MiB/492MiB(96%) CN:6 DL:23MiB]
[#02b9e0 490MiB/492MiB(99%) CN:1 DL:22MiB]

Download Results:
gid   |stat|avg speed  |path/URI
======+====+===========+=======================================================
02b9e0|OK  |    18MiB/s|/home/xi/tmp/plant_m6A_data/GSE174573/fastq/SRR14570266_2.fastq.gz.part

Status Legend:
(OK):download completed.
=== SRR14570266 fastp ===
=== SRR14570266 hisat2 ===
[bam_sort_core] merging from 1 files and 4 in-memory blocks...
=== SRR14570267 download ===
[#c5a407 0B/0B CN:1 DL:0B]
[#c5a407 0B/0B CN:1 DL:0B]
[#c5a407 0B/0B CN:1 DL:0B]
[#c5a407 0B/0B CN:1 DL:0B]
[#c5a407 0B/0B CN:1 DL:0B]
[#c5a407 0B/0B CN:1 DL:0B]
[#c5a407 0B/0B CN:1 DL:0B]
[#c5a407 2.0MiB/537MiB(0%) CN:16 DL:6.4MiB ETA:1m23s]
[#c5a407 9.0MiB/537MiB(1%) CN:16 DL:6.8MiB ETA:1m17s]
[#c5a407 16MiB/537MiB(3%) CN:16 DL:7.0MiB ETA:1m13s]
[#c5a407 23MiB/537MiB(4%) CN:16 DL:6.9MiB ETA:1m14s]
[#c5a407 33MiB/537MiB(6%) CN:16 DL:7.8MiB ETA:1m4s]
[#c5a407 45MiB/537MiB(8%) CN:16 DL:8.4MiB ETA:58s]
[#c5a407 68MiB/537MiB(12%) CN:16 DL:10MiB ETA:43s]
[#c5a407 91MiB/537MiB(16%) CN:16 DL:12MiB ETA:36s]
[#c5a407 112MiB/537MiB(20%) CN:16 DL:13MiB ETA:31s]
[#c5a407 135MiB/537MiB(25%) CN:16 DL:14MiB ETA:27s]
[#c5a407 160MiB/537MiB(29%) CN:16 DL:16MiB ETA:23s]
[#c5a407 184MiB/537MiB(34%) CN:16 DL:18MiB ETA:19s]
[#c5a407 206MiB/537MiB(38%) CN:16 DL:19MiB ETA:16s]
[#c5a407 231MiB/537MiB(42%) CN:16 DL:21MiB ETA:14s]
[#c5a407 231MiB/537MiB(43%) CN:16 DL:18MiB ETA:16s]
[#c5a407 254MiB/537MiB(47%) CN:16 DL:18MiB ETA:15s]
[#c5a407 277MiB/537MiB(51%) CN:16 DL:18MiB ETA:13s]
[#c5a407 300MiB/537MiB(55%) CN:16 DL:18MiB ETA:12s]
[#c5a407 323MiB/537MiB(60%) CN:16 DL:18MiB ETA:11s]
[#c5a407 346MiB/537MiB(64%) CN:16 DL:18MiB ETA:10s]
[#c5a407 370MiB/537MiB(68%) CN:16 DL:18MiB ETA:8s]
[#c5a407 393MiB/537MiB(73%) CN:16 DL:18MiB ETA:7s]
[#c5a407 417MiB/537MiB(77%) CN:16 DL:22MiB ETA:5s]
[#c5a407 441MiB/537MiB(82%) CN:16 DL:23MiB ETA:4s]
[#c5a407 463MiB/537MiB(86%) CN:12 DL:23MiB ETA:3s]
[#c5a407 486MiB/537MiB(90%) CN:11 DL:23MiB ETA:2s]
[#c5a407 508MiB/537MiB(94%) CN:8 DL:22MiB ETA:1s]
[#c5a407 530MiB/537MiB(98%) CN:3 DL:22MiB]

Download Results:
gid   |stat|avg speed  |path/URI
======+====+===========+=======================================================
c5a407|OK  |    18MiB/s|/home/xi/tmp/plant_m6A_data/GSE174573/fastq/SRR14570267_1.fastq.gz.part

Status Legend:
(OK):download completed.
[#d0e7aa 0B/0B CN:1 DL:0B]
[#d0e7aa 2.0MiB/554MiB(0%) CN:16 DL:7.7MiB ETA:1m11s]
[#d0e7aa 26MiB/554MiB(4%) CN:16 DL:20MiB ETA:25s]
[#d0e7aa 47MiB/554MiB(8%) CN:16 DL:20MiB ETA:24s]
[#d0e7aa 70MiB/554MiB(12%) CN:16 DL:21MiB ETA:22s]
[#d0e7aa 93MiB/554MiB(16%) CN:16 DL:21MiB ETA:21s]
[#d0e7aa 115MiB/554MiB(20%) CN:16 DL:21MiB ETA:20s]
[#d0e7aa 139MiB/554MiB(25%) CN:16 DL:21MiB ETA:18s]
[#d0e7aa 162MiB/554MiB(29%) CN:16 DL:18MiB ETA:20s]
[#d0e7aa 184MiB/554MiB(33%) CN:16 DL:19MiB ETA:19s]
[#d0e7aa 207MiB/554MiB(37%) CN:16 DL:19MiB ETA:17s]
[#d0e7aa 230MiB/554MiB(41%) CN:16 DL:19MiB ETA:16s]
[#d0e7aa 252MiB/554MiB(45%) CN:16 DL:19MiB ETA:15s]
[#d0e7aa 277MiB/554MiB(49%) CN:16 DL:19MiB ETA:14s]
[#d0e7aa 300MiB/554MiB(54%) CN:16 DL:19MiB ETA:13s]
[#d0e7aa 323MiB/554MiB(58%) CN:16 DL:19MiB ETA:11s]
[#d0e7aa 349MiB/554MiB(63%) CN:16 DL:19MiB ETA:10s]
[#d0e7aa 372MiB/554MiB(67%) CN:16 DL:22MiB ETA:7s]
[#d0e7aa 395MiB/554MiB(71%) CN:16 DL:22MiB ETA:6s]
[#d0e7aa 418MiB/554MiB(75%) CN:16 DL:23MiB ETA:5s]
[#d0e7aa 440MiB/554MiB(79%) CN:16 DL:22MiB ETA:4s]
[#d0e7aa 465MiB/554MiB(84%) CN:14 DL:23MiB ETA:3s]
[#d0e7aa 488MiB/554MiB(88%) CN:11 DL:23MiB ETA:2s]
[#d0e7aa 509MiB/554MiB(91%) CN:9 DL:23MiB ETA:1s]
[#d0e7aa 530MiB/554MiB(95%) CN:3 DL:14MiB ETA:1s]
[#d0e7aa 538MiB/554MiB(97%) CN:2 DL:13MiB ETA:1s]
[#d0e7aa 541MiB/554MiB(97%) CN:1 DL:10MiB ETA:1s]
[#d0e7aa 541MiB/554MiB(97%) CN:1 DL:8.0MiB ETA:1s]
[#d0e7aa 541MiB/554MiB(97%) CN:1 DL:5.6MiB ETA:2s]
[#d0e7aa 541MiB/554MiB(97%) CN:1 DL:3.2MiB ETA:3s]
[#d0e7aa 541MiB/554MiB(97%) CN:1 DL:1.7MiB ETA:7s]
[#d0e7aa 541MiB/554MiB(97%) CN:1 DL:1.5MiB ETA:8s]
[#d0e7aa 541MiB/554MiB(97%) CN:1 DL:1.3MiB ETA:9s]
[#d0e7aa 541MiB/554MiB(97%) CN:1 DL:1.1MiB ETA:10s]
[#d0e7aa 541MiB/554MiB(97%) CN:1 DL:328KiB ETA:40s]
[#d0e7aa 541MiB/554MiB(97%) CN:1 DL:16KiB ETA:13m27s]
[#d0e7aa 541MiB/554MiB(97%) CN:1 DL:17KiB ETA:12m30s]
[#d0e7aa 546MiB/554MiB(98%) CN:1 DL:567KiB ETA:14s]
[#d0e7aa 553MiB/554MiB(99%) CN:1 DL:4.5MiB]

Download Results:
gid   |stat|avg speed  |path/URI
======+====+===========+=======================================================
d0e7aa|OK  |    13MiB/s|/home/xi/tmp/plant_m6A_data/GSE174573/fastq/SRR14570267_2.fastq.gz.part

Status Legend:
(OK):download completed.
=== SRR14570267 fastp ===
=== SRR14570267 hisat2 ===
[bam_sort_core] merging from 1 files and 4 in-memory blocks...
=== SRR14570268 download ===
[#6ac225 0B/0B CN:1 DL:0B]
[#6ac225 0B/0B CN:1 DL:0B]
[#6ac225 0B/0B CN:1 DL:0B]
[#6ac225 0B/0B CN:1 DL:0B]
[#6ac225 10MiB/493MiB(2%) CN:16 DL:16MiB ETA:29s]
[#6ac225 28MiB/493MiB(5%) CN:16 DL:16MiB ETA:27s]
[#6ac225 30MiB/493MiB(6%) CN:16 DL:11MiB ETA:40s]
[#6ac225 30MiB/493MiB(6%) CN:16 DL:8.2MiB ETA:55s]
[#6ac225 40MiB/493MiB(8%) CN:16 DL:8.6MiB ETA:52s]
[#6ac225 64MiB/493MiB(12%) CN:16 DL:11MiB ETA:38s]
[#6ac225 85MiB/493MiB(17%) CN:16 DL:12MiB ETA:32s]
[#6ac225 108MiB/493MiB(22%) CN:16 DL:13MiB ETA:27s]
[#6ac225 132MiB/493MiB(26%) CN:16 DL:14MiB ETA:24s]
[#6ac225 146MiB/493MiB(29%) CN:16 DL:13MiB ETA:25s]
[#6ac225 170MiB/493MiB(34%) CN:16 DL:18MiB ETA:17s]
[#6ac225 192MiB/493MiB(38%) CN:16 DL:19MiB ETA:15s]
[#6ac225 215MiB/493MiB(43%) CN:16 DL:19MiB ETA:14s]
[#6ac225 237MiB/493MiB(48%) CN:16 DL:19MiB ETA:13s]
[#6ac225 261MiB/493MiB(52%) CN:16 DL:19MiB ETA:11s]
[#6ac225 283MiB/493MiB(57%) CN:16 DL:19MiB ETA:10s]
[#6ac225 307MiB/493MiB(62%) CN:16 DL:19MiB ETA:9s]
[#6ac225 331MiB/493MiB(67%) CN:16 DL:20MiB ETA:7s]
[#6ac225 353MiB/493MiB(71%) CN:16 DL:22MiB ETA:6s]
[#6ac225 372MiB/493MiB(75%) CN:16 DL:22MiB ETA:5s]
[#6ac225 397MiB/493MiB(80%) CN:16 DL:22MiB ETA:4s]
[#6ac225 422MiB/493MiB(85%) CN:16 DL:22MiB ETA:3s]
[#6ac225 444MiB/493MiB(89%) CN:11 DL:22MiB ETA:2s]
[#6ac225 468MiB/493MiB(94%) CN:8 DL:22MiB ETA:1s]
[#6ac225 470MiB/493MiB(95%) CN:6 DL:20MiB ETA:1s]
[#6ac225 471MiB/493MiB(95%) CN:6 DL:15MiB ETA:1s]
[#6ac225 485MiB/493MiB(98%) CN:1 DL:12MiB]
[#6ac225 485MiB/493MiB(98%) CN:1 DL:11MiB]
[#6ac225 485MiB/493MiB(98%) CN:1 DL:8.8MiB]
[#6ac225 485MiB/493MiB(98%) CN:1 DL:4.3MiB ETA:1s]
[#6ac225 485MiB/493MiB(98%) CN:1 DL:1.8MiB ETA:4s]
[#6ac225 485MiB/493MiB(98%) CN:1 DL:1.7MiB ETA:4s]
[#6ac225 485MiB/493MiB(98%) CN:1 DL:1.5MiB ETA:5s]
[#6ac225 485MiB/493MiB(98%) CN:1 DL:1.5MiB ETA:5s]
[#6ac225 485MiB/493MiB(98%) CN:1 DL:12KiB ETA:10m55s]
[#6ac225 485MiB/493MiB(98%) CN:1 DL:10KiB ETA:12m38s]
[#6ac225 485MiB/493MiB(98%) CN:1 DL:9.2KiB ETA:14m21s]
[#6ac225 485MiB/493MiB(98%) CN:1 DL:8.2KiB ETA:16m3s]
[#6ac225 485MiB/493MiB(98%) CN:1 DL:1.3KiB ETA:1h42m30s]
[#6ac225 485MiB/493MiB(98%) CN:1 DL:1.1KiB ETA:1h59m39s]
[#6ac225 485MiB/493MiB(98%) CN:1 DL:0.9KiB ETA:2h16m48s]
[#6ac225 485MiB/493MiB(98%) CN:1 DL:887B ETA:2h33m55s]
[#6ac225 485MiB/493MiB(98%) CN:1 DL:0B]
[#6ac225 485MiB/493MiB(98%) CN:1 DL:0B]
[#6ac225 487MiB/493MiB(98%) CN:1 DL:1.2MiB ETA:5s]

Download Results:
gid   |stat|avg speed  |path/URI
======+====+===========+=======================================================
6ac225|OK  |    10MiB/s|/home/xi/tmp/plant_m6A_data/GSE174573/fastq/SRR14570268_1.fastq.gz.part

Status Legend:
(OK):download completed.
[#73dc5d 0B/0B CN:1 DL:0B]
[#73dc5d 0B/0B CN:1 DL:0B]
[#73dc5d 2.0MiB/492MiB(0%) CN:16 DL:6.0MiB ETA:1m20s]
[#73dc5d 9.1MiB/492MiB(1%) CN:16 DL:6.8MiB ETA:1m10s]
[#73dc5d 16MiB/492MiB(3%) CN:16 DL:6.9MiB ETA:1m8s]
[#73dc5d 23MiB/492MiB(4%) CN:16 DL:7.0MiB ETA:1m6s]
[#73dc5d 35MiB/492MiB(7%) CN:16 DL:8.1MiB ETA:56s]
[#73dc5d 58MiB/492MiB(11%) CN:16 DL:11MiB ETA:39s]
[#73dc5d 78MiB/492MiB(15%) CN:16 DL:12MiB ETA:33s]
[#73dc5d 99MiB/492MiB(20%) CN:16 DL:13MiB ETA:29s]
[#73dc5d 123MiB/492MiB(25%) CN:16 DL:14MiB ETA:25s]
[#73dc5d 144MiB/492MiB(29%) CN:16 DL:14MiB ETA:23s]
[#73dc5d 167MiB/492MiB(34%) CN:16 DL:16MiB ETA:19s]
[#73dc5d 190MiB/492MiB(38%) CN:16 DL:18MiB ETA:16s]
[#73dc5d 214MiB/492MiB(43%) CN:16 DL:19MiB ETA:13s]
[#73dc5d 236MiB/492MiB(48%) CN:16 DL:19MiB ETA:12s]
[#73dc5d 260MiB/492MiB(52%) CN:16 DL:20MiB ETA:11s]
[#73dc5d 283MiB/492MiB(57%) CN:16 DL:20MiB ETA:10s]
[#73dc5d 306MiB/492MiB(62%) CN:16 DL:20MiB ETA:9s]
[#73dc5d 323MiB/492MiB(65%) CN:16 DL:19MiB ETA:8s]
[#73dc5d 349MiB/492MiB(70%) CN:16 DL:22MiB ETA:6s]
[#73dc5d 371MiB/492MiB(75%) CN:16 DL:22MiB ETA:5s]
[#73dc5d 395MiB/492MiB(80%) CN:16 DL:22MiB ETA:4s]
[#73dc5d 419MiB/492MiB(85%) CN:15 DL:22MiB ETA:3s]
[#73dc5d 442MiB/492MiB(89%) CN:12 DL:22MiB ETA:2s]
[#73dc5d 466MiB/492MiB(94%) CN:9 DL:22MiB ETA:1s]
[#73dc5d 485MiB/492MiB(98%) CN:2 DL:22MiB]

Download Results:
gid   |stat|avg speed  |path/URI
======+====+===========+=======================================================
73dc5d|OK  |    19MiB/s|/home/xi/tmp/plant_m6A_data/GSE174573/fastq/SRR14570268_2.fastq.gz.part

Status Legend:
(OK):download completed.
=== SRR14570268 fastp ===
=== SRR14570268 hisat2 ===
[bam_sort_core] merging from 1 files and 4 in-memory blocks...
=== SRR14570269 download ===
[#cd5a1a 0B/0B CN:1 DL:0B]
[#cd5a1a 0B/0B CN:1 DL:0B]
[#cd5a1a 0B/0B CN:1 DL:0B]
[#cd5a1a 16KiB/613MiB(0%) CN:16 DL:1.1MiB ETA:8m35s]
[#cd5a1a 17MiB/613MiB(2%) CN:16 DL:16MiB ETA:36s]
[#cd5a1a 34MiB/613MiB(5%) CN:16 DL:16MiB ETA:35s]
[#cd5a1a 38MiB/613MiB(6%) CN:16 DL:11MiB ETA:48s]
[#cd5a1a 38MiB/613MiB(6%) CN:16 DL:9.0MiB ETA:1m3s]
[#cd5a1a 51MiB/613MiB(8%) CN:16 DL:9.6MiB ETA:58s]
[#cd5a1a 77MiB/613MiB(12%) CN:16 DL:12MiB ETA:43s]
[#cd5a1a 100MiB/613MiB(16%) CN:16 DL:13MiB ETA:37s]
[#cd5a1a 122MiB/613MiB(20%) CN:16 DL:14MiB ETA:33s]
[#cd5a1a 146MiB/613MiB(23%) CN:16 DL:15MiB ETA:29s]
[#cd5a1a 170MiB/613MiB(27%) CN:16 DL:16MiB ETA:27s]
[#cd5a1a 190MiB/613MiB(30%) CN:16 DL:16MiB ETA:25s]
[#cd5a1a 210MiB/613MiB(34%) CN:16 DL:21MiB ETA:18s]
[#cd5a1a 233MiB/613MiB(38%) CN:16 DL:22MiB ETA:17s]
[#cd5a1a 247MiB/613MiB(40%) CN:16 DL:17MiB ETA:21s]
[#cd5a1a 272MiB/613MiB(44%) CN:16 DL:17MiB ETA:19s]
[#cd5a1a 294MiB/613MiB(47%) CN:16 DL:17MiB ETA:18s]
[#cd5a1a 315MiB/613MiB(51%) CN:16 DL:17MiB ETA:16s]
[#cd5a1a 339MiB/613MiB(55%) CN:16 DL:17MiB ETA:15s]
[#cd5a1a 363MiB/613MiB(59%) CN:16 DL:18MiB ETA:13s]
[#cd5a1a 386MiB/613MiB(62%) CN:16 DL:18MiB ETA:12s]
[#cd5a1a 406MiB/613MiB(66%) CN:16 DL:18MiB ETA:11s]
[#cd5a1a 428MiB/613MiB(69%) CN:16 DL:22MiB ETA:8s]
[#cd5a1a 450MiB/613MiB(73%) CN:16 DL:22MiB ETA:7s]
[#cd5a1a 475MiB/613MiB(77%) CN:16 DL:22MiB ETA:6s]
[#cd5a1a 497MiB/613MiB(80%) CN:16 DL:22MiB ETA:5s]
[#cd5a1a 521MiB/613MiB(84%) CN:16 DL:22MiB ETA:4s]
[#cd5a1a 546MiB/613MiB(89%) CN:16 DL:22MiB ETA:2s]
[#cd5a1a 569MiB/613MiB(92%) CN:13 DL:22MiB ETA:1s]
[#cd5a1a 592MiB/613MiB(96%) CN:7 DL:22MiB]
[#cd5a1a 605MiB/613MiB(98%) CN:3 DL:20MiB]
[#cd5a1a 606MiB/613MiB(98%) CN:2 DL:15MiB]
[#cd5a1a 606MiB/613MiB(98%) CN:1 DL:12MiB]
[#cd5a1a 606MiB/613MiB(98%) CN:1 DL:10MiB]
[#cd5a1a 606MiB/613MiB(98%) CN:1 DL:8.2MiB]
[#cd5a1a 606MiB/613MiB(98%) CN:1 DL:5.9MiB ETA:1s]
[#cd5a1a 606MiB/613MiB(98%) CN:1 DL:3.6MiB ETA:2s]
[#cd5a1a 606MiB/613MiB(98%) CN:1 DL:1.2MiB ETA:5s]
[#cd5a1a 606MiB/613MiB(98%) CN:1 DL:45KiB ETA:2m49s]
[#cd5a1a 606MiB/613MiB(98%) CN:1 DL:29KiB ETA:4m20s]
[#cd5a1a 606MiB/613MiB(98%) CN:1 DL:26KiB ETA:4m52s]
[#cd5a1a 606MiB/613MiB(98%) CN:1 DL:0B]
[#cd5a1a 606MiB/613MiB(98%) CN:1 DL:0B]
[#cd5a1a 606MiB/613MiB(98%) CN:1 DL:21KiB ETA:6m1s]
[#cd5a1a 606MiB/613MiB(98%) CN:1 DL:65KiB ETA:1m57s]
[#cd5a1a 606MiB/613MiB(98%) CN:1 DL:41KiB ETA:3m3s]
[#cd5a1a 606MiB/613MiB(98%) CN:1 DL:30KiB ETA:4m8s]
[#cd5a1a 606MiB/613MiB(98%) CN:1 DL:24KiB ETA:5m14s]
[#cd5a1a 606MiB/613MiB(98%) CN:1 DL:19KiB ETA:6m26s]
[#cd5a1a 606MiB/613MiB(98%) CN:1 DL:23KiB ETA:5m25s]
[#cd5a1a 606MiB/613MiB(98%) CN:1 DL:20KiB ETA:6m10s]
 *** Download Progress Summary as of Thu Sep 10 16:06:19 2026 *** 
===============================================================================
[#cd5a1a 606MiB/613MiB(98%) CN:1 DL:18KiB ETA:6m55s]
FILE: /home/xi/tmp/plant_m6A_data/GSE174573/fastq/SRR14570269_1.fastq.gz.part
-------------------------------------------------------------------------------

[#cd5a1a 606MiB/613MiB(98%) CN:1 DL:18KiB ETA:6m55s]
[#cd5a1a 606MiB/613MiB(98%) CN:1 DL:11KiB ETA:10m46s]
[#cd5a1a 606MiB/613MiB(98%) CN:1 DL:9.5KiB ETA:13m17s]
[#cd5a1a 606MiB/613MiB(98%) CN:1 DL:8.1KiB ETA:15m37s]
[#cd5a1a 606MiB/613MiB(98%) CN:1 DL:7.0KiB ETA:17m57s]
[#cd5a1a 606MiB/613MiB(98%) CN:1 DL:6.2KiB ETA:20m16s]
[#cd5a1a 606MiB/613MiB(98%) CN:1 DL:5.6KiB ETA:22m36s]
[#cd5a1a 606MiB/613MiB(98%) CN:1 DL:0B]
[#cd5a1a 606MiB/613MiB(98%) CN:1 DL:0B]
[#cd5a1a 606MiB/613MiB(98%) CN:1 DL:0B]
[#cd5a1a 606MiB/613MiB(98%) CN:1 DL:0B]
[#cd5a1a 606MiB/613MiB(98%) CN:1 DL:0B]
[#cd5a1a 606MiB/613MiB(98%) CN:1 DL:0B]
[#cd5a1a 606MiB/613MiB(98%) CN:1 DL:0B]
[#cd5a1a 609MiB/613MiB(99%) CN:1 DL:4.2MiB]

Download Results:
gid   |stat|avg speed  |path/URI
======+====+===========+=======================================================
cd5a1a|OK  |   8.6MiB/s|/home/xi/tmp/plant_m6A_data/GSE174573/fastq/SRR14570269_1.fastq.gz.part

Status Legend:
(OK):download completed.
[#691c1b 0B/0B CN:1 DL:0B]
[#691c1b 11MiB/617MiB(1%) CN:16 DL:14MiB ETA:43s]
[#691c1b 37MiB/617MiB(6%) CN:16 DL:20MiB ETA:28s]
[#691c1b 59MiB/617MiB(9%) CN:16 DL:18MiB ETA:29s]
[#691c1b 80MiB/617MiB(12%) CN:16 DL:19MiB ETA:27s]
[#691c1b 103MiB/617MiB(16%) CN:16 DL:20MiB ETA:25s]
[#691c1b 126MiB/617MiB(20%) CN:16 DL:20MiB ETA:24s]
[#691c1b 151MiB/617MiB(24%) CN:16 DL:20MiB ETA:22s]
[#691c1b 170MiB/617MiB(27%) CN:16 DL:20MiB ETA:21s]
[#691c1b 192MiB/617MiB(31%) CN:16 DL:20MiB ETA:20s]
[#691c1b 215MiB/617MiB(34%) CN:16 DL:21MiB ETA:18s]
[#691c1b 238MiB/617MiB(38%) CN:16 DL:21MiB ETA:17s]
[#691c1b 260MiB/617MiB(42%) CN:16 DL:22MiB ETA:16s]
[#691c1b 287MiB/617MiB(46%) CN:16 DL:22MiB ETA:14s]
[#691c1b 307MiB/617MiB(49%) CN:16 DL:22MiB ETA:13s]
[#691c1b 326MiB/617MiB(52%) CN:16 DL:16MiB ETA:17s]
[#691c1b 348MiB/617MiB(56%) CN:16 DL:16MiB ETA:15s]
[#691c1b 368MiB/617MiB(59%) CN:16 DL:16MiB ETA:15s]
[#691c1b 391MiB/617MiB(63%) CN:16 DL:16MiB ETA:13s]
[#691c1b 417MiB/617MiB(67%) CN:16 DL:16MiB ETA:11s]
[#691c1b 440MiB/617MiB(71%) CN:16 DL:16MiB ETA:10s]
[#691c1b 463MiB/617MiB(74%) CN:16 DL:16MiB ETA:9s]
[#691c1b 486MiB/617MiB(78%) CN:16 DL:22MiB ETA:5s]
[#691c1b 509MiB/617MiB(82%) CN:13 DL:22MiB ETA:4s]
[#691c1b 532MiB/617MiB(86%) CN:13 DL:22MiB ETA:3s]
[#691c1b 555MiB/617MiB(89%) CN:11 DL:22MiB ETA:2s]
[#691c1b 577MiB/617MiB(93%) CN:9 DL:22MiB ETA:1s]
[#691c1b 599MiB/617MiB(97%) CN:3 DL:22MiB]
[#691c1b 602MiB/617MiB(97%) CN:2 DL:19MiB]
[#691c1b 602MiB/617MiB(97%) CN:2 DL:17MiB]
[#691c1b 602MiB/617MiB(97%) CN:2 DL:14MiB ETA:1s]
[#691c1b 602MiB/617MiB(97%) CN:2 DL:12MiB ETA:1s]
[#691c1b 603MiB/617MiB(97%) CN:2 DL:7.4MiB ETA:1s]
[#691c1b 604MiB/617MiB(97%) CN:1 DL:5.1MiB ETA:2s]
[#691c1b 604MiB/617MiB(97%) CN:1 DL:2.6MiB ETA:5s]
[#691c1b 604MiB/617MiB(97%) CN:1 DL:302KiB ETA:45s]
[#691c1b 604MiB/617MiB(97%) CN:1 DL:350KiB ETA:39s]
[#691c1b 604MiB/617MiB(97%) CN:1 DL:297KiB ETA:46s]
[#691c1b 604MiB/617MiB(97%) CN:1 DL:258KiB ETA:53s]
[#691c1b 604MiB/617MiB(97%) CN:1 DL:228KiB ETA:1m]
[#691c1b 604MiB/617MiB(97%) CN:1 DL:214KiB ETA:1m4s]
[#691c1b 604MiB/617MiB(97%) CN:1 DL:122KiB ETA:1m52s]
[#691c1b 604MiB/617MiB(97%) CN:1 DL:40KiB ETA:5m39s]
[#691c1b 604MiB/617MiB(97%) CN:1 DL:30KiB ETA:7m30s]
[#691c1b 604MiB/617MiB(97%) CN:1 DL:24KiB ETA:9m20s]
[#691c1b 604MiB/617MiB(97%) CN:1 DL:20KiB ETA:11m11s]
[#691c1b 604MiB/617MiB(97%) CN:1 DL:17KiB ETA:13m2s]
[#691c1b 604MiB/617MiB(97%) CN:1 DL:15KiB ETA:14m52s]
[#691c1b 604MiB/617MiB(97%) CN:1 DL:13KiB ETA:16m43s]
[#691c1b 604MiB/617MiB(97%) CN:1 DL:0B]
[#691c1b 604MiB/617MiB(97%) CN:1 DL:0B]
[#691c1b 604MiB/617MiB(97%) CN:1 DL:0B]
[#691c1b 604MiB/617MiB(97%) CN:1 DL:0B]
[#691c1b 604MiB/617MiB(97%) CN:1 DL:0B]
[#691c1b 604MiB/617MiB(97%) CN:1 DL:0B]
 *** Download Progress Summary as of Thu Sep 10 16:07:45 2026 *** 
===============================================================================
[#691c1b 604MiB/617MiB(97%) CN:1 DL:0B]
FILE: /home/xi/tmp/plant_m6A_data/GSE174573/fastq/SRR14570269_2.fastq.gz.part
-------------------------------------------------------------------------------

[#691c1b 604MiB/617MiB(97%) CN:1 DL:0B]
[#691c1b 604MiB/617MiB(97%) CN:1 DL:0B]
[#691c1b 604MiB/617MiB(97%) CN:1 DL:0B]
[#691c1b 604MiB/617MiB(97%) CN:1 DL:0B]
[#691c1b 604MiB/617MiB(97%) CN:1 DL:0B]
[#691c1b 604MiB/617MiB(97%) CN:1 DL:0B]
[#691c1b 604MiB/617MiB(97%) CN:1 DL:0B]
[#691c1b 604MiB/617MiB(97%) CN:1 DL:0B]
[#691c1b 604MiB/617MiB(97%) CN:1 DL:0B]
[#691c1b 604MiB/617MiB(97%) CN:1 DL:0B]
[#691c1b 604MiB/617MiB(97%) CN:1 DL:81KiB ETA:2m49s]
[#691c1b 610MiB/617MiB(98%) CN:1 DL:5.0MiB ETA:1s]
[#691c1b 616MiB/617MiB(99%) CN:1 DL:5.4MiB]
[#691c1b 617MiB/617MiB(99%) CN:1 DL:3.9MiB]
[#691c1b 617MiB/617MiB(99%) CN:1 DL:3.0MiB]
[#691c1b 617MiB/617MiB(99%) CN:1 DL:2.4MiB]
[#691c1b 617MiB/617MiB(99%) CN:1 DL:2.0MiB]
[#691c1b 617MiB/617MiB(99%) CN:1 DL:1.7MiB]
[#691c1b 617MiB/617MiB(99%) CN:1 DL:1.5MiB]
[#691c1b 617MiB/617MiB(99%) CN:1 DL:1.4MiB]
[#691c1b 617MiB/617MiB(99%) CN:1 DL:0.9MiB]
[#691c1b 617MiB/617MiB(99%) CN:1 DL:256KiB]
[#691c1b 617MiB/617MiB(99%) CN:1 DL:0B]
[#691c1b 617MiB/617MiB(99%) CN:1 DL:7.4KiB ETA:27s]
[#691c1b 617MiB/617MiB(99%) CN:1 DL:3.7KiB ETA:55s]
[#691c1b 617MiB/617MiB(99%) CN:1 DL:2.4KiB ETA:1m23s]
[#691c1b 617MiB/617MiB(99%) CN:1 DL:1.8KiB ETA:1m51s]
[#691c1b 617MiB/617MiB(99%) CN:1 DL:2.5KiB ETA:1m14s]
[#691c1b 617MiB/617MiB(99%) CN:1 DL:2.2KiB ETA:1m26s]
[#691c1b 617MiB/617MiB(99%) CN:1 DL:1.9KiB ETA:1m39s]
[#691c1b 617MiB/617MiB(99%) CN:1 DL:1.7KiB ETA:1m52s]
[#691c1b 617MiB/617MiB(99%) CN:1 DL:1.5KiB ETA:2m4s]
[#691c1b 617MiB/617MiB(99%) CN:1 DL:1.3KiB ETA:2m27s]
[#691c1b 617MiB/617MiB(99%) CN:1 DL:2.1KiB ETA:1m28s]
[#691c1b 617MiB/617MiB(99%) CN:1 DL:1.8KiB ETA:1m41s]
[#691c1b 617MiB/617MiB(99%) CN:1 DL:1.6KiB ETA:1m53s]
[#691c1b 617MiB/617MiB(99%) CN:1 DL:1.8KiB ETA:1m42s]
[#691c1b 617MiB/617MiB(99%) CN:1 DL:1.4KiB ETA:2m8s]
[#691c1b 617MiB/617MiB(99%) CN:1 DL:2.2KiB ETA:1m17s]
[#691c1b 617MiB/617MiB(99%) CN:1 DL:1.9KiB ETA:1m28s]
[#691c1b 617MiB/617MiB(99%) CN:1 DL:1.7KiB ETA:1m40s]
[#691c1b 617MiB/617MiB(99%) CN:1 DL:1.5KiB ETA:1m51s]
[#691c1b 617MiB/617MiB(99%) CN:1 DL:2.8KiB ETA:1m2s]

Download Results:
gid   |stat|avg speed  |path/URI
======+====+===========+=======================================================
691c1b|OK  |   5.8MiB/s|/home/xi/tmp/plant_m6A_data/GSE174573/fastq/SRR14570269_2.fastq.gz.part

Status Legend:
(OK):download completed.
=== SRR14570269 fastp ===
=== SRR14570269 hisat2 ===
[bam_sort_core] merging from 1 files and 4 in-memory blocks...
=== SRR14570270 download ===
[#42fcf3 0B/0B CN:1 DL:0B]
[#42fcf3 0B/0B CN:1 DL:0B]
[#42fcf3 0B/0B CN:1 DL:0B]
[#42fcf3 0B/0B CN:1 DL:0B]
[#42fcf3 0B/0B CN:1 DL:0B]
[#42fcf3 0B/0B CN:1 DL:0B]
[#42fcf3 0B/0B CN:1 DL:0B]
[#42fcf3 0B/0B CN:1 DL:0B]
[#42fcf3 0B/0B CN:1 DL:0B]
[#42fcf3 0B/0B CN:1 DL:0B]
[#42fcf3 0B/0B CN:1 DL:0B]
[#42fcf3 0B/0B CN:1 DL:0B]
[#42fcf3 1.7MiB/447MiB(0%) CN:16 DL:5.8MiB ETA:1m16s]
[#42fcf3 8.0MiB/447MiB(1%) CN:16 DL:6.1MiB ETA:1m11s]
[#42fcf3 14MiB/447MiB(3%) CN:16 DL:6.2MiB ETA:1m9s]
[#42fcf3 33MiB/447MiB(7%) CN:16 DL:10MiB ETA:40s]
[#42fcf3 52MiB/447MiB(11%) CN:16 DL:12MiB ETA:32s]
[#42fcf3 74MiB/447MiB(16%) CN:16 DL:13MiB ETA:26s]
[#42fcf3 97MiB/447MiB(21%) CN:16 DL:15MiB ETA:22s]
[#42fcf3 118MiB/447MiB(26%) CN:16 DL:16MiB ETA:20s]
[#42fcf3 142MiB/447MiB(31%) CN:16 DL:17MiB ETA:17s]
[#42fcf3 162MiB/447MiB(36%) CN:16 DL:17MiB ETA:16s]
[#42fcf3 187MiB/447MiB(41%) CN:16 DL:19MiB ETA:13s]
[#42fcf3 211MiB/447MiB(47%) CN:16 DL:21MiB ETA:11s]
[#42fcf3 214MiB/447MiB(48%) CN:16 DL:18MiB ETA:12s]
[#42fcf3 238MiB/447MiB(53%) CN:16 DL:18MiB ETA:10s]
[#42fcf3 261MiB/447MiB(58%) CN:16 DL:18MiB ETA:9s]
[#42fcf3 284MiB/447MiB(63%) CN:16 DL:18MiB ETA:8s]
[#42fcf3 307MiB/447MiB(68%) CN:16 DL:19MiB ETA:7s]
[#42fcf3 333MiB/447MiB(74%) CN:16 DL:19MiB ETA:5s]
[#42fcf3 358MiB/447MiB(80%) CN:15 DL:19MiB ETA:4s]
[#42fcf3 380MiB/447MiB(85%) CN:12 DL:19MiB ETA:3s]
[#42fcf3 404MiB/447MiB(90%) CN:9 DL:23MiB ETA:1s]
[#42fcf3 425MiB/447MiB(95%) CN:5 DL:23MiB]
[#42fcf3 437MiB/447MiB(97%) CN:3 DL:21MiB]
[#42fcf3 438MiB/447MiB(98%) CN:2 DL:19MiB]
[#42fcf3 438MiB/447MiB(98%) CN:2 DL:16MiB]
[#42fcf3 438MiB/447MiB(98%) CN:2 DL:13MiB]
[#42fcf3 438MiB/447MiB(98%) CN:2 DL:11MiB]
[#42fcf3 439MiB/447MiB(98%) CN:2 DL:8.3MiB]
[#42fcf3 439MiB/447MiB(98%) CN:2 DL:5.9MiB ETA:1s]
[#42fcf3 439MiB/447MiB(98%) CN:2 DL:1.2MiB ETA:6s]
[#42fcf3 447MiB/447MiB(99%) CN:1 DL:1.0MiB]
[#42fcf3 447MiB/447MiB(99%) CN:1 DL:0.9MiB]

Download Results:
gid   |stat|avg speed  |path/URI
======+====+===========+=======================================================
42fcf3|OK  |    12MiB/s|/home/xi/tmp/plant_m6A_data/GSE174573/fastq/SRR14570270_1.fastq.gz.part

Status Legend:
(OK):download completed.
[#e4f4f0 0B/0B CN:1 DL:0B]
[#e4f4f0 0B/0B CN:1 DL:0B]
[#e4f4f0 0B/0B CN:1 DL:0B]
[#e4f4f0 0B/0B CN:1 DL:0B]
[#e4f4f0 5.0MiB/445MiB(1%) CN:16 DL:8.6MiB ETA:50s]
[#e4f4f0 15MiB/445MiB(3%) CN:16 DL:10MiB ETA:42s]
[#e4f4f0 26MiB/445MiB(5%) CN:16 DL:10MiB ETA:40s]
[#e4f4f0 28MiB/445MiB(6%) CN:16 DL:7.8MiB ETA:53s]
[#e4f4f0 28MiB/445MiB(6%) CN:16 DL:5.7MiB ETA:1m12s]
[#e4f4f0 28MiB/445MiB(6%) CN:16 DL:4.7MiB ETA:1m26s]
[#e4f4f0 28MiB/445MiB(6%) CN:16 DL:3.9MiB ETA:1m44s]
[#e4f4f0 29MiB/445MiB(6%) CN:16 DL:3.6MiB ETA:1m55s]
[#e4f4f0 40MiB/445MiB(9%) CN:16 DL:4.4MiB ETA:1m31s]
[#e4f4f0 51MiB/445MiB(11%) CN:16 DL:4.6MiB ETA:1m24s]
[#e4f4f0 56MiB/445MiB(12%) CN:16 DL:3.9MiB ETA:1m37s]
[#e4f4f0 59MiB/445MiB(13%) CN:16 DL:3.4MiB ETA:1m50s]
[#e4f4f0 70MiB/445MiB(15%) CN:16 DL:6.0MiB ETA:1m2s]
[#e4f4f0 89MiB/445MiB(20%) CN:16 DL:7.5MiB ETA:47s]
[#e4f4f0 113MiB/445MiB(25%) CN:16 DL:9.2MiB ETA:35s]
[#e4f4f0 119MiB/445MiB(26%) CN:16 DL:10MiB ETA:29s]
[#e4f4f0 144MiB/445MiB(32%) CN:16 DL:12MiB ETA:24s]
[#e4f4f0 166MiB/445MiB(37%) CN:16 DL:13MiB ETA:20s]
[#e4f4f0 191MiB/445MiB(42%) CN:16 DL:15MiB ETA:16s]
[#e4f4f0 214MiB/445MiB(48%) CN:16 DL:17MiB ETA:13s]
[#e4f4f0 238MiB/445MiB(53%) CN:16 DL:19MiB ETA:10s]
[#e4f4f0 259MiB/445MiB(58%) CN:16 DL:20MiB ETA:9s]
[#e4f4f0 282MiB/445MiB(63%) CN:16 DL:20MiB ETA:7s]
[#e4f4f0 305MiB/445MiB(68%) CN:13 DL:20MiB ETA:6s]
[#e4f4f0 326MiB/445MiB(73%) CN:13 DL:22MiB ETA:5s]
[#e4f4f0 351MiB/445MiB(78%) CN:13 DL:22MiB ETA:4s]
[#e4f4f0 375MiB/445MiB(84%) CN:12 DL:22MiB ETA:3s]
[#e4f4f0 398MiB/445MiB(89%) CN:9 DL:22MiB ETA:2s]
[#e4f4f0 404MiB/445MiB(90%) CN:4 DL:20MiB ETA:1s]
[#e4f4f0 420MiB/445MiB(94%) CN:3 DL:20MiB ETA:1s]
[#e4f4f0 427MiB/445MiB(95%) CN:3 DL:13MiB ETA:1s]
[#e4f4f0 431MiB/445MiB(96%) CN:1 DL:10MiB ETA:1s]
[#e4f4f0 431MiB/445MiB(96%) CN:1 DL:8.4MiB ETA:1s]
[#e4f4f0 431MiB/445MiB(96%) CN:1 DL:5.8MiB ETA:2s]
[#e4f4f0 431MiB/445MiB(96%) CN:1 DL:3.3MiB ETA:4s]
[#e4f4f0 431MiB/445MiB(96%) CN:1 DL:2.8MiB ETA:4s]
[#e4f4f0 431MiB/445MiB(96%) CN:1 DL:1.0MiB ETA:13s]
[#e4f4f0 431MiB/445MiB(96%) CN:1 DL:566KiB ETA:24s]
[#e4f4f0 431MiB/445MiB(96%) CN:1 DL:498KiB ETA:28s]
[#e4f4f0 431MiB/445MiB(96%) CN:1 DL:445KiB ETA:31s]
[#e4f4f0 431MiB/445MiB(96%) CN:1 DL:0B]
[#e4f4f0 431MiB/445MiB(96%) CN:1 DL:0B]
[#e4f4f0 431MiB/445MiB(96%) CN:1 DL:0B]
[#e4f4f0 431MiB/445MiB(96%) CN:1 DL:0B]
[#e4f4f0 431MiB/445MiB(96%) CN:1 DL:109KiB ETA:2m8s]
[#e4f4f0 431MiB/445MiB(96%) CN:1 DL:56KiB ETA:4m8s]
[#e4f4f0 431MiB/445MiB(96%) CN:1 DL:32KiB ETA:7m6s]
[#e4f4f0 431MiB/445MiB(96%) CN:1 DL:26KiB ETA:8m59s]
[#e4f4f0 431MiB/445MiB(96%) CN:1 DL:21KiB ETA:10m52s]
[#e4f4f0 431MiB/445MiB(96%) CN:1 DL:18KiB ETA:12m44s]
[#e4f4f0 431MiB/445MiB(96%) CN:1 DL:15KiB ETA:14m37s]
 *** Download Progress Summary as of Thu Sep 10 16:14:02 2026 *** 
===============================================================================
[#e4f4f0 431MiB/445MiB(96%) CN:1 DL:14KiB ETA:16m30s]
FILE: /home/xi/tmp/plant_m6A_data/GSE174573/fastq/SRR14570270_2.fastq.gz.part
-------------------------------------------------------------------------------

[#e4f4f0 431MiB/445MiB(96%) CN:1 DL:14KiB ETA:16m30s]
[#e4f4f0 431MiB/445MiB(96%) CN:1 DL:12KiB ETA:18m24s]
[#e4f4f0 431MiB/445MiB(96%) CN:1 DL:0.9KiB ETA:4h26s]
[#e4f4f0 431MiB/445MiB(96%) CN:1 DL:879B ETA:4h32m26s]
[#e4f4f0 431MiB/445MiB(96%) CN:1 DL:0B]
[#e4f4f0 431MiB/445MiB(96%) CN:1 DL:0B]
[#e4f4f0 431MiB/445MiB(96%) CN:1 DL:0B]
[#e4f4f0 431MiB/445MiB(96%) CN:1 DL:0B]
[#e4f4f0 431MiB/445MiB(96%) CN:1 DL:0B]
[#e4f4f0 431MiB/445MiB(96%) CN:1 DL:0B]
[#e4f4f0 431MiB/445MiB(96%) CN:1 DL:0B]
[#e4f4f0 431MiB/445MiB(96%) CN:1 DL:0B]
[#e4f4f0 431MiB/445MiB(96%) CN:1 DL:0B]
[#e4f4f0 431MiB/445MiB(96%) CN:1 DL:0B]
[#e4f4f0 431MiB/445MiB(96%) CN:1 DL:0B]
[#e4f4f0 431MiB/445MiB(96%) CN:1 DL:0B]
[#e4f4f0 431MiB/445MiB(96%) CN:1 DL:0B]
[#e4f4f0 431MiB/445MiB(96%) CN:1 DL:0B]
[#e4f4f0 431MiB/445MiB(96%) CN:1 DL:0B]
[#e4f4f0 431MiB/445MiB(96%) CN:1 DL:0B]
[#e4f4f0 431MiB/445MiB(96%) CN:1 DL:15KiB ETA:15m32s]
[#e4f4f0 431MiB/445MiB(96%) CN:1 DL:10KiB ETA:22m56s]
[#e4f4f0 431MiB/445MiB(96%) CN:1 DL:9.4KiB ETA:24m42s]
[#e4f4f0 431MiB/445MiB(96%) CN:1 DL:7.2KiB ETA:32m15s]
[#e4f4f0 431MiB/445MiB(96%) CN:1 DL:5.8KiB ETA:39m48s]
[#e4f4f0 431MiB/445MiB(96%) CN:1 DL:4.9KiB ETA:47m22s]
[#e4f4f0 431MiB/445MiB(96%) CN:1 DL:4.2KiB ETA:54m55s]
[#e4f4f0 431MiB/445MiB(96%) CN:1 DL:3.7KiB ETA:1h2m28s]
[#e4f4f0 431MiB/445MiB(97%) CN:1 DL:41KiB ETA:5m31s]
[#e4f4f0 441MiB/445MiB(99%) CN:1 DL:1.0MiB ETA:3s]
[#e4f4f0 441MiB/445MiB(99%) CN:1 DL:3.3MiB ETA:1s]

Download Results:
gid   |stat|avg speed  |path/URI
======+====+===========+=======================================================
e4f4f0|OK  |   4.9MiB/s|/home/xi/tmp/plant_m6A_data/GSE174573/fastq/SRR14570270_2.fastq.gz.part

Status Legend:
(OK):download completed.
=== SRR14570270 fastp ===
=== SRR14570270 hisat2 ===
[bam_sort_core] merging from 0 files and 4 in-memory blocks...
=== SRR14570271 download ===
[#a6efef 0B/0B CN:1 DL:0B]
[#a6efef 0B/0B CN:1 DL:0B]
[#a6efef 2.0MiB/599MiB(0%) CN:16 DL:5.5MiB ETA:1m48s]
[#a6efef 6.0MiB/599MiB(1%) CN:16 DL:4.4MiB ETA:2m12s]
[#a6efef 6.0MiB/599MiB(1%) CN:16 DL:2.0MiB ETA:4m53s]
[#a6efef 6.0MiB/599MiB(1%) CN:16 DL:1.5MiB ETA:6m31s]
[#a6efef 24MiB/599MiB(4%) CN:16 DL:4.7MiB ETA:2m2s]
[#a6efef 49MiB/599MiB(8%) CN:16 DL:8.0MiB ETA:1m7s]
[#a6efef 68MiB/599MiB(11%) CN:16 DL:9.5MiB ETA:55s]
[#a6efef 86MiB/599MiB(14%) CN:16 DL:10MiB ETA:48s]
[#a6efef 104MiB/599MiB(17%) CN:16 DL:11MiB ETA:43s]
[#a6efef 130MiB/599MiB(21%) CN:16 DL:20MiB ETA:22s]
[#a6efef 148MiB/599MiB(24%) CN:16 DL:20MiB ETA:22s]
[#a6efef 164MiB/599MiB(27%) CN:16 DL:19MiB ETA:22s]
[#a6efef 189MiB/599MiB(31%) CN:16 DL:17MiB ETA:23s]
[#a6efef 207MiB/599MiB(34%) CN:16 DL:16MiB ETA:23s]
[#a6efef 224MiB/599MiB(37%) CN:16 DL:16MiB ETA:23s]
[#a6efef 245MiB/599MiB(40%) CN:16 DL:16MiB ETA:20s]
[#a6efef 269MiB/599MiB(44%) CN:16 DL:17MiB ETA:19s]
[#a6efef 292MiB/599MiB(48%) CN:16 DL:16MiB ETA:18s]
[#a6efef 316MiB/599MiB(52%) CN:16 DL:17MiB ETA:15s]
[#a6efef 338MiB/599MiB(56%) CN:16 DL:18MiB ETA:14s]
[#a6efef 363MiB/599MiB(60%) CN:16 DL:21MiB ETA:11s]
[#a6efef 383MiB/599MiB(64%) CN:16 DL:21MiB ETA:10s]
[#a6efef 408MiB/599MiB(68%) CN:16 DL:22MiB ETA:8s]
[#a6efef 431MiB/599MiB(71%) CN:16 DL:22MiB ETA:7s]
[#a6efef 456MiB/599MiB(76%) CN:16 DL:23MiB ETA:6s]
[#a6efef 478MiB/599MiB(79%) CN:16 DL:22MiB ETA:5s]
[#a6efef 502MiB/599MiB(83%) CN:14 DL:23MiB ETA:4s]
[#a6efef 525MiB/599MiB(87%) CN:14 DL:22MiB ETA:3s]
[#a6efef 546MiB/599MiB(91%) CN:13 DL:22MiB ETA:2s]
[#a6efef 566MiB/599MiB(94%) CN:11 DL:17MiB ETA:1s]
[#a6efef 589MiB/599MiB(98%) CN:5 DL:17MiB]
[#a6efef 595MiB/599MiB(99%) CN:1 DL:14MiB]
[#a6efef 595MiB/599MiB(99%) CN:1 DL:12MiB]
[#a6efef 595MiB/599MiB(99%) CN:1 DL:9.7MiB]
[#a6efef 595MiB/599MiB(99%) CN:1 DL:7.1MiB]
[#a6efef 595MiB/599MiB(99%) CN:1 DL:4.8MiB]
[#a6efef 595MiB/599MiB(99%) CN:1 DL:3.8MiB ETA:1s]
[#a6efef 595MiB/599MiB(99%) CN:1 DL:3.3MiB ETA:1s]
[#a6efef 595MiB/599MiB(99%) CN:1 DL:3.0MiB ETA:1s]
[#a6efef 595MiB/599MiB(99%) CN:1 DL:632KiB ETA:7s]
[#a6efef 595MiB/599MiB(99%) CN:0 DL:0B]
[#a6efef 596MiB/599MiB(99%) CN:1 DL:1.0MiB ETA:2s]
[#a6efef 599MiB/599MiB(99%) CN:1 DL:1.5MiB]
[#a6efef 599MiB/599MiB(99%) CN:1 DL:1.1MiB]
[#a6efef 599MiB/599MiB(99%) CN:1 DL:0.9MiB]
[#a6efef 599MiB/599MiB(99%) CN:1 DL:760KiB]
[#a6efef 599MiB/599MiB(99%) CN:1 DL:645KiB]
[#a6efef 599MiB/599MiB(99%) CN:1 DL:560KiB]
[#a6efef 599MiB/599MiB(99%) CN:1 DL:495KiB]
[#a6efef 599MiB/599MiB(99%) CN:1 DL:444KiB]
[#a6efef 599MiB/599MiB(99%) CN:1 DL:301KiB]
 *** Download Progress Summary as of Thu Sep 10 16:17:50 2026 *** 
===============================================================================
[#a6efef 599MiB/599MiB(99%) CN:1 DL:427KiB]
FILE: /home/xi/tmp/plant_m6A_data/GSE174573/fastq/SRR14570271_1.fastq.gz.part
-------------------------------------------------------------------------------

[#a6efef 599MiB/599MiB(99%) CN:1 DL:427KiB]

Download Results:
gid   |stat|avg speed  |path/URI
======+====+===========+=======================================================
a6efef|OK  |    10MiB/s|/home/xi/tmp/plant_m6A_data/GSE174573/fastq/SRR14570271_1.fastq.gz.part

Status Legend:
(OK):download completed.
[#b99724 0B/0B CN:1 DL:0B]
[#b99724 0B/0B CN:1 DL:0B]
[#b99724 1.6MiB/597MiB(0%) CN:16 DL:9.8MiB ETA:1m]
[#b99724 25MiB/597MiB(4%) CN:16 DL:21MiB ETA:26s]
[#b99724 48MiB/597MiB(8%) CN:16 DL:22MiB ETA:24s]
[#b99724 71MiB/597MiB(11%) CN:16 DL:22MiB ETA:23s]
[#b99724 80MiB/597MiB(13%) CN:16 DL:19MiB ETA:26s]
[#b99724 104MiB/597MiB(17%) CN:16 DL:19MiB ETA:24s]
[#b99724 127MiB/597MiB(21%) CN:16 DL:20MiB ETA:23s]
[#b99724 149MiB/597MiB(24%) CN:16 DL:20MiB ETA:21s]
[#b99724 172MiB/597MiB(28%) CN:16 DL:20MiB ETA:20s]
[#b99724 195MiB/597MiB(32%) CN:16 DL:21MiB ETA:19s]
[#b99724 219MiB/597MiB(36%) CN:16 DL:21MiB ETA:17s]
[#b99724 242MiB/597MiB(40%) CN:16 DL:21MiB ETA:16s]
[#b99724 264MiB/597MiB(44%) CN:16 DL:21MiB ETA:15s]
[#b99724 287MiB/597MiB(48%) CN:16 DL:22MiB ETA:13s]
[#b99724 310MiB/597MiB(51%) CN:16 DL:22MiB ETA:12s]
[#b99724 334MiB/597MiB(55%) CN:16 DL:22MiB ETA:11s]
[#b99724 356MiB/597MiB(59%) CN:16 DL:22MiB ETA:10s]
[#b99724 380MiB/597MiB(63%) CN:16 DL:22MiB ETA:9s]
[#b99724 394MiB/597MiB(66%) CN:16 DL:19MiB ETA:10s]
[#b99724 400MiB/597MiB(66%) CN:16 DL:17MiB ETA:11s]
[#b99724 424MiB/597MiB(71%) CN:16 DL:17MiB ETA:10s]
[#b99724 445MiB/597MiB(74%) CN:16 DL:16MiB ETA:8s]
[#b99724 469MiB/597MiB(78%) CN:16 DL:17MiB ETA:7s]
[#b99724 492MiB/597MiB(82%) CN:16 DL:16MiB ETA:6s]
[#b99724 514MiB/597MiB(86%) CN:16 DL:16MiB ETA:4s]
[#b99724 537MiB/597MiB(89%) CN:11 DL:16MiB ETA:3s]
[#b99724 557MiB/597MiB(93%) CN:6 DL:19MiB ETA:2s]
[#b99724 559MiB/597MiB(93%) CN:5 DL:17MiB ETA:2s]
[#b99724 570MiB/597MiB(95%) CN:5 DL:18MiB ETA:1s]
[#b99724 578MiB/597MiB(96%) CN:4 DL:15MiB ETA:1s]
[#b99724 578MiB/597MiB(96%) CN:4 DL:13MiB ETA:1s]
[#b99724 578MiB/597MiB(96%) CN:4 DL:11MiB ETA:1s]
[#b99724 578MiB/597MiB(96%) CN:4 DL:8.6MiB ETA:2s]
[#b99724 578MiB/597MiB(96%) CN:4 DL:6.3MiB ETA:3s]
[#b99724 578MiB/597MiB(96%) CN:4 DL:4.0MiB ETA:4s]
[#b99724 578MiB/597MiB(96%) CN:4 DL:2.0MiB ETA:9s]
[#b99724 578MiB/597MiB(96%) CN:4 DL:2.0MiB ETA:9s]
[#b99724 578MiB/597MiB(96%) CN:4 DL:500KiB ETA:39s]
[#b99724 578MiB/597MiB(96%) CN:4 DL:0B]
[#b99724 578MiB/597MiB(96%) CN:4 DL:0B]
[#b99724 578MiB/597MiB(96%) CN:4 DL:0B]
[#b99724 578MiB/597MiB(96%) CN:4 DL:0B]
[#b99724 578MiB/597MiB(96%) CN:4 DL:0B]
[#b99724 578MiB/597MiB(96%) CN:4 DL:0B]
[#b99724 578MiB/597MiB(96%) CN:4 DL:0B]
[#b99724 578MiB/597MiB(96%) CN:4 DL:0B]
[#b99724 578MiB/597MiB(96%) CN:4 DL:0B]
[#b99724 578MiB/597MiB(96%) CN:4 DL:0B]
[#b99724 578MiB/597MiB(96%) CN:4 DL:0B]
[#b99724 578MiB/597MiB(96%) CN:4 DL:0B]
[#b99724 578MiB/597MiB(96%) CN:4 DL:0B]
[#b99724 578MiB/597MiB(96%) CN:4 DL:0B]
[#b99724 578MiB/597MiB(96%) CN:4 DL:0B]
[#b99724 578MiB/597MiB(96%) CN:4 DL:0B]
[#b99724 578MiB/597MiB(96%) CN:4 DL:0B]
 *** Download Progress Summary as of Thu Sep 10 16:19:00 2026 *** 
===============================================================================
[#b99724 578MiB/597MiB(96%) CN:4 DL:0B]
FILE: /home/xi/tmp/plant_m6A_data/GSE174573/fastq/SRR14570271_2.fastq.gz.part
-------------------------------------------------------------------------------

[#b99724 578MiB/597MiB(96%) CN:4 DL:0B]
[#b99724 578MiB/597MiB(96%) CN:4 DL:0B]
[#b99724 578MiB/597MiB(96%) CN:4 DL:0B]
[#b99724 578MiB/597MiB(96%) CN:4 DL:0B]
[#b99724 578MiB/597MiB(96%) CN:3 DL:0B]
[#b99724 578MiB/597MiB(96%) CN:3 DL:0B]
[#b99724 578MiB/597MiB(96%) CN:3 DL:0B]
[#b99724 578MiB/597MiB(96%) CN:3 DL:0B]
[#b99724 578MiB/597MiB(96%) CN:3 DL:0B]
[#b99724 578MiB/597MiB(96%) CN:3 DL:0B]
[#b99724 578MiB/597MiB(96%) CN:3 DL:0B]
[#b99724 578MiB/597MiB(96%) CN:3 DL:67KiB ETA:4m49s]
[#b99724 578MiB/597MiB(96%) CN:2 DL:34KiB ETA:9m27s]
[#b99724 578MiB/597MiB(96%) CN:2 DL:23KiB ETA:14m6s]
[#b99724 578MiB/597MiB(96%) CN:2 DL:17KiB ETA:18m44s]
[#b99724 578MiB/597MiB(96%) CN:2 DL:13KiB ETA:23m22s]
[#b99724 578MiB/597MiB(96%) CN:2 DL:11KiB ETA:28m]
[#b99724 578MiB/597MiB(96%) CN:2 DL:9.9KiB ETA:32m39s]
[#b99724 578MiB/597MiB(96%) CN:2 DL:8.7KiB ETA:37m17s]
[#b99724 578MiB/597MiB(96%) CN:2 DL:7.7KiB ETA:41m55s]
[#b99724 578MiB/597MiB(96%) CN:2 DL:22KiB ETA:14m9s]
[#b99724 578MiB/597MiB(96%) CN:2 DL:11KiB ETA:28m3s]
[#b99724 578MiB/597MiB(96%) CN:2 DL:7.7KiB ETA:41m57s]
[#b99724 578MiB/597MiB(96%) CN:2 DL:5.8KiB ETA:55m51s]
[#b99724 578MiB/597MiB(96%) CN:2 DL:4.6KiB ETA:1h9m45s]
[#b99724 578MiB/597MiB(96%) CN:2 DL:4.7KiB ETA:1h7m57s]
[#b99724 578MiB/597MiB(96%) CN:2 DL:4.1KiB ETA:1h18m22s]
[#b99724 578MiB/597MiB(96%) CN:2 DL:3.6KiB ETA:1h28m47s]
[#b99724 578MiB/597MiB(96%) CN:2 DL:3.2KiB ETA:1h39m12s]
[#b99724 578MiB/597MiB(96%) CN:2 DL:1.5KiB ETA:3h28m18s]
[#b99724 581MiB/597MiB(97%) CN:2 DL:527KiB ETA:31s]
[#b99724 582MiB/597MiB(97%) CN:2 DL:532KiB ETA:29s]
[#b99724 582MiB/597MiB(97%) CN:2 DL:466KiB ETA:33s]
[#b99724 582MiB/597MiB(97%) CN:2 DL:415KiB ETA:37s]
[#b99724 582MiB/597MiB(97%) CN:2 DL:832KiB ETA:18s]
[#b99724 587MiB/597MiB(98%) CN:1 DL:1.4MiB ETA:7s]
[#b99724 587MiB/597MiB(98%) CN:1 DL:1.2MiB ETA:8s]
[#b99724 587MiB/597MiB(98%) CN:1 DL:1.0MiB ETA:9s]
[#b99724 587MiB/597MiB(98%) CN:1 DL:0.9MiB ETA:10s]
[#b99724 587MiB/597MiB(98%) CN:1 DL:0.9MiB ETA:10s]
[#b99724 587MiB/597MiB(98%) CN:1 DL:822KiB ETA:12s]
[#b99724 587MiB/597MiB(98%) CN:1 DL:714KiB ETA:14s]
[#b99724 587MiB/597MiB(98%) CN:1 DL:630KiB ETA:16s]
[#b99724 587MiB/597MiB(98%) CN:1 DL:564KiB ETA:18s]
[#b99724 587MiB/597MiB(98%) CN:1 DL:0B]
[#b99724 587MiB/597MiB(98%) CN:1 DL:0B]
[#b99724 587MiB/597MiB(98%) CN:1 DL:7.4KiB ETA:22m54s]
[#b99724 587MiB/597MiB(98%) CN:1 DL:3.7KiB ETA:45m49s]
[#b99724 587MiB/597MiB(98%) CN:1 DL:2.4KiB ETA:1h8m44s]
[#b99724 587MiB/597MiB(98%) CN:1 DL:1.8KiB ETA:1h31m41s]
[#b99724 587MiB/597MiB(98%) CN:1 DL:1.4KiB ETA:1h54m38s]
[#b99724 587MiB/597MiB(98%) CN:1 DL:1.2KiB ETA:2h17m36s]
[#b99724 587MiB/597MiB(98%) CN:1 DL:1.0KiB ETA:2h40m27s]
[#b99724 587MiB/597MiB(98%) CN:1 DL:0.9KiB ETA:3h3m22s]
[#b99724 587MiB/597MiB(98%) CN:1 DL:852B ETA:3h26m24s]
[#b99724 587MiB/597MiB(98%) CN:1 DL:0B]
[#b99724 587MiB/597MiB(98%) CN:1 DL:7.4KiB ETA:22m52s]
[#b99724 587MiB/597MiB(98%) CN:1 DL:3.7KiB ETA:45m45s]
 *** Download Progress Summary as of Thu Sep 10 16:20:01 2026 *** 
===============================================================================
[#b99724 587MiB/597MiB(98%) CN:1 DL:2.4KiB ETA:1h8m38s]
FILE: /home/xi/tmp/plant_m6A_data/GSE174573/fastq/SRR14570271_2.fastq.gz.part
-------------------------------------------------------------------------------

[#b99724 587MiB/597MiB(98%) CN:1 DL:2.4KiB ETA:1h8m38s]
[#b99724 587MiB/597MiB(98%) CN:1 DL:1.8KiB ETA:1h31m38s]
[#b99724 587MiB/597MiB(98%) CN:1 DL:1.4KiB ETA:1h54m32s]
[#b99724 587MiB/597MiB(98%) CN:1 DL:10KiB ETA:16m42s]
[#b99724 587MiB/597MiB(98%) CN:1 DL:8.7KiB ETA:19m27s]
[#b99724 587MiB/597MiB(98%) CN:1 DL:7.6KiB ETA:22m12s]
[#b99724 587MiB/597MiB(98%) CN:1 DL:6.8KiB ETA:24m57s]
[#b99724 587MiB/597MiB(98%) CN:1 DL:10KiB ETA:15m44s]
[#b99724 587MiB/597MiB(98%) CN:1 DL:10KiB ETA:16m46s]
[#b99724 587MiB/597MiB(98%) CN:1 DL:8.7KiB ETA:19m31s]
[#b99724 587MiB/597MiB(98%) CN:1 DL:7.6KiB ETA:22m16s]
[#b99724 587MiB/597MiB(98%) CN:1 DL:6.8KiB ETA:25m]
[#b99724 587MiB/597MiB(98%) CN:1 DL:1.4KiB ETA:1h53m44s]
[#b99724 587MiB/597MiB(98%) CN:1 DL:1.2KiB ETA:2h16m32s]
[#b99724 587MiB/597MiB(98%) CN:1 DL:1.9KiB ETA:1h27m38s]
[#b99724 587MiB/597MiB(98%) CN:1 DL:1.7KiB ETA:1h38m48s]
[#b99724 587MiB/597MiB(98%) CN:1 DL:1.5KiB ETA:1h49m56s]
[#b99724 587MiB/597MiB(98%) CN:1 DL:1.9KiB ETA:1h27m22s]
[#b99724 587MiB/597MiB(98%) CN:1 DL:3.0KiB ETA:56m25s]
[#b99724 587MiB/597MiB(98%) CN:1 DL:3.3KiB ETA:50m26s]
[#b99724 587MiB/597MiB(98%) CN:1 DL:2.9KiB ETA:57m48s]
[#b99724 587MiB/597MiB(98%) CN:1 DL:2.6KiB ETA:1h5m10s]
[#b99724 587MiB/597MiB(98%) CN:1 DL:2.3KiB ETA:1h12m33s]
[#b99724 587MiB/597MiB(98%) CN:1 DL:15KiB ETA:11m6s]
[#b99724 587MiB/597MiB(98%) CN:1 DL:13KiB ETA:12m33s]
[#b99724 587MiB/597MiB(98%) CN:1 DL:12KiB ETA:13m59s]
[#b99724 587MiB/597MiB(98%) CN:1 DL:12KiB ETA:13m45s]
[#b99724 587MiB/597MiB(98%) CN:1 DL:42KiB ETA:3m56s]
[#b99724 587MiB/597MiB(98%) CN:1 DL:35KiB ETA:4m42s]
[#b99724 587MiB/597MiB(98%) CN:1 DL:30KiB ETA:5m28s]
[#b99724 587MiB/597MiB(98%) CN:1 DL:26KiB ETA:6m14s]
[#b99724 587MiB/597MiB(98%) CN:1 DL:23KiB ETA:6m59s]
[#b99724 587MiB/597MiB(98%) CN:1 DL:19KiB ETA:8m37s]
[#b99724 587MiB/597MiB(98%) CN:1 DL:16KiB ETA:10m3s]
[#b99724 587MiB/597MiB(98%) CN:1 DL:14KiB ETA:11m28s]
[#b99724 587MiB/597MiB(98%) CN:1 DL:12KiB ETA:12m54s]
[#b99724 587MiB/597MiB(98%) CN:1 DL:0B]
[#b99724 587MiB/597MiB(98%) CN:1 DL:7.4KiB ETA:22m12s]
[#b99724 587MiB/597MiB(98%) CN:1 DL:3.7KiB ETA:44m24s]
[#b99724 587MiB/597MiB(98%) CN:1 DL:2.4KiB ETA:1h6m36s]
[#b99724 587MiB/597MiB(98%) CN:1 DL:1.8KiB ETA:1h28m50s]
[#b99724 587MiB/597MiB(98%) CN:1 DL:1.4KiB ETA:1h51m4s]
[#b99724 587MiB/597MiB(98%) CN:1 DL:1.2KiB ETA:2h13m13s]
[#b99724 587MiB/597MiB(98%) CN:1 DL:1.0KiB ETA:2h35m28s]
[#b99724 587MiB/597MiB(98%) CN:1 DL:1.7KiB ETA:1h35m31s]
[#b99724 587MiB/597MiB(98%) CN:1 DL:1.5KiB ETA:1h46m23s]
[#b99724 587MiB/597MiB(98%) CN:1 DL:2.6KiB ETA:1h3m51s]
[#b99724 587MiB/597MiB(98%) CN:1 DL:3.7KiB ETA:44m6s]
[#b99724 587MiB/597MiB(98%) CN:1 DL:3.0KiB ETA:54m59s]
[#b99724 587MiB/597MiB(98%) CN:1 DL:2.5KiB ETA:1h5m50s]
[#b99724 587MiB/597MiB(98%) CN:1 DL:2.1KiB ETA:1h16m41s]
[#b99724 587MiB/597MiB(98%) CN:1 DL:1.8KiB ETA:1h27m33s]
[#b99724 587MiB/597MiB(98%) CN:1 DL:1.6KiB ETA:1h38m26s]
[#b99724 587MiB/597MiB(98%) CN:1 DL:1.0KiB ETA:2h35m13s]
[#b99724 587MiB/597MiB(98%) CN:1 DL:0.9KiB ETA:2h57m23s]
[#b99724 587MiB/597MiB(98%) CN:1 DL:852B ETA:3h19m40s]
[#b99724 587MiB/597MiB(98%) CN:1 DL:0B]
 *** Download Progress Summary as of Thu Sep 10 16:21:02 2026 *** 
===============================================================================
[#b99724 587MiB/597MiB(98%) CN:1 DL:0B]
FILE: /home/xi/tmp/plant_m6A_data/GSE174573/fastq/SRR14570271_2.fastq.gz.part
-------------------------------------------------------------------------------

[#b99724 587MiB/597MiB(98%) CN:1 DL:0B]
[#b99724 587MiB/597MiB(98%) CN:1 DL:7.5KiB ETA:21m53s]
[#b99724 587MiB/597MiB(98%) CN:1 DL:7.6KiB ETA:21m34s]
[#b99724 587MiB/597MiB(98%) CN:1 DL:5.1KiB ETA:32m25s]
[#b99724 587MiB/597MiB(98%) CN:1 DL:3.8KiB ETA:43m16s]
[#b99724 587MiB/597MiB(98%) CN:1 DL:3.0KiB ETA:54m7s]
[#b99724 587MiB/597MiB(98%) CN:1 DL:2.5KiB ETA:1h4m58s]
[#b99724 587MiB/597MiB(98%) CN:1 DL:2.9KiB ETA:55m34s]
[#b99724 587MiB/597MiB(98%) CN:1 DL:2.6KiB ETA:1h2m45s]
[#b99724 587MiB/597MiB(98%) CN:1 DL:7.0KiB ETA:23m32s]
[#b99724 587MiB/597MiB(98%) CN:1 DL:8.7KiB ETA:18m49s]
[#b99724 587MiB/597MiB(98%) CN:1 DL:7.1KiB ETA:23m6s]
[#b99724 587MiB/597MiB(98%) CN:1 DL:6.0KiB ETA:27m22s]
[#b99724 594MiB/597MiB(99%) CN:1 DL:0.9MiB ETA:3s]

Download Results:
gid   |stat|avg speed  |path/URI
======+====+===========+=======================================================
b99724|OK  |   3.0MiB/s|/home/xi/tmp/plant_m6A_data/GSE174573/fastq/SRR14570271_2.fastq.gz.part

Status Legend:
(OK):download completed.
=== SRR14570271 fastp ===
=== SRR14570271 hisat2 ===
[bam_sort_core] merging from 1 files and 4 in-memory blocks...
=== SRR14570272 download ===
[#3a12c3 0B/0B CN:1 DL:0B]
[#3a12c3 0B/0B CN:1 DL:0B]
[#3a12c3 0B/0B CN:1 DL:0B]
[#3a12c3 0B/0B CN:1 DL:0B]
[#3a12c3 9.0MiB/523MiB(1%) CN:16 DL:10MiB ETA:48s]
[#3a12c3 20MiB/523MiB(3%) CN:16 DL:11MiB ETA:45s]
[#3a12c3 31MiB/523MiB(6%) CN:16 DL:11MiB ETA:44s]
[#3a12c3 32MiB/523MiB(6%) CN:16 DL:7.8MiB ETA:1m2s]
[#3a12c3 32MiB/523MiB(6%) CN:16 DL:6.3MiB ETA:1m17s]
[#3a12c3 48MiB/523MiB(9%) CN:16 DL:7.8MiB ETA:1m]
[#3a12c3 73MiB/523MiB(13%) CN:16 DL:10MiB ETA:44s]
[#3a12c3 95MiB/523MiB(18%) CN:16 DL:11MiB ETA:36s]
[#3a12c3 120MiB/523MiB(22%) CN:16 DL:13MiB ETA:30s]
[#3a12c3 142MiB/523MiB(27%) CN:16 DL:14MiB ETA:26s]
[#3a12c3 164MiB/523MiB(31%) CN:16 DL:15MiB ETA:23s]
[#3a12c3 188MiB/523MiB(36%) CN:16 DL:17MiB ETA:19s]
[#3a12c3 210MiB/523MiB(40%) CN:16 DL:22MiB ETA:14s]
[#3a12c3 232MiB/523MiB(44%) CN:16 DL:22MiB ETA:13s]
[#3a12c3 254MiB/523MiB(48%) CN:16 DL:18MiB ETA:14s]
[#3a12c3 277MiB/523MiB(52%) CN:16 DL:18MiB ETA:13s]
[#3a12c3 299MiB/523MiB(57%) CN:16 DL:18MiB ETA:12s]
[#3a12c3 322MiB/523MiB(61%) CN:16 DL:18MiB ETA:11s]
[#3a12c3 344MiB/523MiB(65%) CN:16 DL:18MiB ETA:9s]
[#3a12c3 369MiB/523MiB(70%) CN:16 DL:18MiB ETA:8s]
[#3a12c3 392MiB/523MiB(74%) CN:14 DL:18MiB ETA:7s]
[#3a12c3 415MiB/523MiB(79%) CN:13 DL:18MiB ETA:5s]
[#3a12c3 438MiB/523MiB(83%) CN:13 DL:22MiB ETA:3s]
[#3a12c3 462MiB/523MiB(88%) CN:13 DL:22MiB ETA:2s]
[#3a12c3 486MiB/523MiB(92%) CN:10 DL:22MiB ETA:1s]
[#3a12c3 506MiB/523MiB(96%) CN:3 DL:22MiB]
[#3a12c3 509MiB/523MiB(97%) CN:1 DL:20MiB]
[#3a12c3 509MiB/523MiB(97%) CN:1 DL:17MiB]
[#3a12c3 509MiB/523MiB(97%) CN:1 DL:15MiB]
[#3a12c3 509MiB/523MiB(97%) CN:1 DL:12MiB ETA:1s]
[#3a12c3 509MiB/523MiB(97%) CN:1 DL:9.9MiB ETA:1s]
[#3a12c3 509MiB/523MiB(97%) CN:1 DL:7.3MiB ETA:1s]
[#3a12c3 509MiB/523MiB(97%) CN:1 DL:4.4MiB ETA:3s]
[#3a12c3 509MiB/523MiB(97%) CN:1 DL:2.2MiB ETA:6s]
[#3a12c3 509MiB/523MiB(97%) CN:1 DL:134KiB ETA:1m49s]
[#3a12c3 509MiB/523MiB(97%) CN:1 DL:5.7KiB ETA:42m28s]
[#3a12c3 509MiB/523MiB(97%) CN:1 DL:5.5KiB ETA:43m50s]
[#3a12c3 510MiB/523MiB(97%) CN:1 DL:274KiB ETA:46s]
[#3a12c3 523MiB/523MiB(99%) CN:1 DL:1.6MiB]
[#3a12c3 523MiB/523MiB(99%) CN:1 DL:1.4MiB]
[#3a12c3 523MiB/523MiB(99%) CN:1 DL:2.3MiB]

Download Results:
gid   |stat|avg speed  |path/URI
======+====+===========+=======================================================
3a12c3|OK  |    11MiB/s|/home/xi/tmp/plant_m6A_data/GSE174573/fastq/SRR14570272_1.fastq.gz.part

Status Legend:
(OK):download completed.
[#e571ef 6.9MiB/543MiB(1%) CN:16 DL:13MiB ETA:39s]
[#e571ef 29MiB/543MiB(5%) CN:16 DL:19MiB ETA:26s]
[#e571ef 53MiB/543MiB(9%) CN:16 DL:21MiB ETA:22s]
[#e571ef 76MiB/543MiB(14%) CN:16 DL:21MiB ETA:21s]
[#e571ef 99MiB/543MiB(18%) CN:16 DL:21MiB ETA:20s]
[#e571ef 122MiB/543MiB(22%) CN:16 DL:21MiB ETA:19s]
[#e571ef 146MiB/543MiB(27%) CN:16 DL:22MiB ETA:17s]
[#e571ef 169MiB/543MiB(31%) CN:16 DL:22MiB ETA:16s]
[#e571ef 181MiB/543MiB(33%) CN:16 DL:19MiB ETA:18s]
[#e571ef 202MiB/543MiB(37%) CN:16 DL:19MiB ETA:17s]
[#e571ef 227MiB/543MiB(41%) CN:16 DL:19MiB ETA:16s]
[#e571ef 249MiB/543MiB(45%) CN:16 DL:19MiB ETA:15s]
[#e571ef 272MiB/543MiB(50%) CN:16 DL:19MiB ETA:14s]
[#e571ef 296MiB/543MiB(54%) CN:16 DL:19MiB ETA:12s]
[#e571ef 318MiB/543MiB(58%) CN:16 DL:19MiB ETA:11s]
[#e571ef 342MiB/543MiB(63%) CN:16 DL:19MiB ETA:10s]
[#e571ef 366MiB/543MiB(67%) CN:16 DL:22MiB ETA:7s]
[#e571ef 388MiB/543MiB(71%) CN:16 DL:22MiB ETA:6s]
[#e571ef 411MiB/543MiB(75%) CN:16 DL:22MiB ETA:5s]
[#e571ef 434MiB/543MiB(80%) CN:16 DL:22MiB ETA:4s]
[#e571ef 457MiB/543MiB(84%) CN:15 DL:22MiB ETA:3s]
[#e571ef 481MiB/543MiB(88%) CN:15 DL:22MiB ETA:2s]
[#e571ef 503MiB/543MiB(92%) CN:12 DL:22MiB ETA:1s]
[#e571ef 516MiB/543MiB(95%) CN:7 DL:20MiB ETA:1s]
[#e571ef 517MiB/543MiB(95%) CN:4 DL:12MiB ETA:1s]
[#e571ef 518MiB/543MiB(95%) CN:4 DL:10MiB ETA:2s]
[#e571ef 518MiB/543MiB(95%) CN:4 DL:6.2MiB ETA:3s]
[#e571ef 518MiB/543MiB(95%) CN:4 DL:3.6MiB ETA:6s]
[#e571ef 518MiB/543MiB(95%) CN:4 DL:1.2MiB ETA:18s]
[#e571ef 518MiB/543MiB(95%) CN:4 DL:245KiB ETA:1m41s]
[#e571ef 518MiB/543MiB(95%) CN:4 DL:208KiB ETA:1m59s]
[#e571ef 518MiB/543MiB(95%) CN:4 DL:182KiB ETA:2m15s]
[#e571ef 525MiB/543MiB(96%) CN:2 DL:919KiB ETA:19s]
[#e571ef 527MiB/543MiB(97%) CN:2 DL:0.9MiB ETA:15s]
[#e571ef 527MiB/543MiB(97%) CN:2 DL:910KiB ETA:17s]
[#e571ef 527MiB/543MiB(97%) CN:2 DL:1.7MiB ETA:8s]
[#e571ef 527MiB/543MiB(97%) CN:2 DL:1.4MiB ETA:10s]
[#e571ef 527MiB/543MiB(97%) CN:2 DL:1.2MiB ETA:12s]
[#e571ef 527MiB/543MiB(97%) CN:2 DL:1.1MiB ETA:13s]
[#e571ef 527MiB/543MiB(97%) CN:2 DL:0.9MiB ETA:15s]
[#e571ef 527MiB/543MiB(97%) CN:2 DL:907KiB ETA:17s]
[#e571ef 527MiB/543MiB(97%) CN:2 DL:235KiB ETA:1m6s]
[#e571ef 527MiB/543MiB(97%) CN:2 DL:11KiB ETA:23m1s]
[#e571ef 527MiB/543MiB(97%) CN:2 DL:10KiB ETA:24m16s]
[#e571ef 527MiB/543MiB(97%) CN:2 DL:24KiB ETA:10m48s]
[#e571ef 527MiB/543MiB(97%) CN:2 DL:21KiB ETA:12m11s]
[#e571ef 527MiB/543MiB(97%) CN:2 DL:19KiB ETA:13m35s]
[#e571ef 527MiB/543MiB(97%) CN:2 DL:28KiB ETA:8m59s]
[#e571ef 527MiB/543MiB(97%) CN:2 DL:23KiB ETA:11m5s]
[#e571ef 530MiB/543MiB(97%) CN:2 DL:501KiB ETA:25s]
[#e571ef 533MiB/543MiB(98%) CN:2 DL:719KiB ETA:14s]
[#e571ef 533MiB/543MiB(98%) CN:2 DL:635KiB ETA:16s]
[#e571ef 533MiB/543MiB(98%) CN:2 DL:569KiB ETA:17s]
 *** Download Progress Summary as of Thu Sep 10 16:26:36 2026 *** 
===============================================================================
[#e571ef 533MiB/543MiB(98%) CN:2 DL:1.0MiB ETA:9s]
FILE: /home/xi/tmp/plant_m6A_data/GSE174573/fastq/SRR14570272_2.fastq.gz.part
-------------------------------------------------------------------------------

[#e571ef 533MiB/543MiB(98%) CN:2 DL:1.0MiB ETA:9s]
[#e571ef 533MiB/543MiB(98%) CN:1 DL:894KiB ETA:11s]
[#e571ef 533MiB/543MiB(98%) CN:1 DL:771KiB ETA:12s]
[#e571ef 533MiB/543MiB(98%) CN:1 DL:677KiB ETA:14s]
[#e571ef 533MiB/543MiB(98%) CN:1 DL:604KiB ETA:16s]
[#e571ef 533MiB/543MiB(98%) CN:1 DL:45KiB ETA:3m39s]
[#e571ef 533MiB/543MiB(98%) CN:1 DL:37KiB ETA:4m25s]
[#e571ef 533MiB/543MiB(98%) CN:1 DL:43KiB ETA:3m47s]
[#e571ef 534MiB/543MiB(98%) CN:1 DL:182KiB ETA:46s]
[#e571ef 534MiB/543MiB(98%) CN:1 DL:354KiB ETA:23s]
[#e571ef 534MiB/543MiB(98%) CN:1 DL:287KiB ETA:29s]
[#e571ef 534MiB/543MiB(98%) CN:1 DL:241KiB ETA:35s]
[#e571ef 534MiB/543MiB(98%) CN:1 DL:190KiB ETA:44s]
[#e571ef 534MiB/543MiB(98%) CN:1 DL:169KiB ETA:50s]
[#e571ef 534MiB/543MiB(98%) CN:1 DL:177KiB ETA:47s]
[#e571ef 534MiB/543MiB(98%) CN:1 DL:157KiB ETA:53s]
[#e571ef 534MiB/543MiB(98%) CN:1 DL:1.5KiB ETA:1h30m37s]
[#e571ef 534MiB/543MiB(98%) CN:1 DL:19KiB ETA:7m7s]
[#e571ef 534MiB/543MiB(98%) CN:1 DL:17KiB ETA:8m10s]
[#e571ef 534MiB/543MiB(98%) CN:1 DL:15KiB ETA:9m13s]
[#e571ef 534MiB/543MiB(98%) CN:1 DL:13KiB ETA:10m16s]
[#e571ef 534MiB/543MiB(98%) CN:1 DL:24KiB ETA:5m40s]
[#e571ef 534MiB/543MiB(98%) CN:1 DL:20KiB ETA:6m47s]
[#e571ef 534MiB/543MiB(98%) CN:1 DL:17KiB ETA:7m54s]
[#e571ef 534MiB/543MiB(98%) CN:1 DL:15KiB ETA:9m1s]
[#e571ef 534MiB/543MiB(98%) CN:1 DL:13KiB ETA:10m8s]
[#e571ef 534MiB/543MiB(98%) CN:1 DL:0B]
[#e571ef 534MiB/543MiB(98%) CN:1 DL:7.4KiB ETA:18m34s]
[#e571ef 535MiB/543MiB(98%) CN:1 DL:6.8KiB ETA:20m9s]
[#e571ef 535MiB/543MiB(98%) CN:1 DL:4.7KiB ETA:29m14s]
[#e571ef 535MiB/543MiB(98%) CN:1 DL:3.6KiB ETA:38m19s]
[#e571ef 535MiB/543MiB(98%) CN:1 DL:2.9KiB ETA:47m25s]
[#e571ef 535MiB/543MiB(98%) CN:1 DL:2.4KiB ETA:56m30s]
[#e571ef 535MiB/543MiB(98%) CN:1 DL:2.1KiB ETA:1h5m35s]
[#e571ef 535MiB/543MiB(98%) CN:1 DL:1.8KiB ETA:1h14m40s]
[#e571ef 535MiB/543MiB(98%) CN:1 DL:1.6KiB ETA:1h23m47s]
[#e571ef 535MiB/543MiB(98%) CN:1 DL:887B ETA:2h40m23s]
[#e571ef 535MiB/543MiB(98%) CN:1 DL:0B]
[#e571ef 535MiB/543MiB(98%) CN:1 DL:300KiB ETA:27s]

Download Results:
gid   |stat|avg speed  |path/URI
======+====+===========+=======================================================
e571ef|OK  |   5.2MiB/s|/home/xi/tmp/plant_m6A_data/GSE174573/fastq/SRR14570272_2.fastq.gz.part

Status Legend:
(OK):download completed.
=== SRR14570272 fastp ===
=== SRR14570272 hisat2 ===
[bam_sort_core] merging from 1 files and 4 in-memory blocks...
=== SRR14570273 download ===
[#5e74f2 0B/0B CN:1 DL:0B]
[#5e74f2 5.7MiB/602MiB(0%) CN:16 DL:11MiB ETA:51s]
[#5e74f2 18MiB/602MiB(3%) CN:16 DL:12MiB ETA:47s]
[#5e74f2 31MiB/602MiB(5%) CN:16 DL:12MiB ETA:46s]
[#5e74f2 37MiB/602MiB(6%) CN:16 DL:9.3MiB ETA:1m]
[#5e74f2 40MiB/602MiB(6%) CN:16 DL:8.1MiB ETA:1m8s]
[#5e74f2 56MiB/602MiB(9%) CN:16 DL:9.1MiB ETA:59s]
[#5e74f2 82MiB/602MiB(13%) CN:16 DL:11MiB ETA:45s]
[#5e74f2 104MiB/602MiB(17%) CN:16 DL:12MiB ETA:38s]
[#5e74f2 126MiB/602MiB(21%) CN:16 DL:13MiB ETA:34s]
[#5e74f2 150MiB/602MiB(25%) CN:16 DL:15MiB ETA:29s]
[#5e74f2 175MiB/602MiB(29%) CN:16 DL:16MiB ETA:26s]
[#5e74f2 196MiB/602MiB(32%) CN:16 DL:21MiB ETA:18s]
[#5e74f2 221MiB/602MiB(36%) CN:16 DL:21MiB ETA:17s]
[#5e74f2 243MiB/602MiB(40%) CN:16 DL:21MiB ETA:16s]
[#5e74f2 267MiB/602MiB(44%) CN:16 DL:23MiB ETA:14s]
[#5e74f2 290MiB/602MiB(48%) CN:16 DL:22MiB ETA:13s]
[#5e74f2 314MiB/602MiB(52%) CN:16 DL:23MiB ETA:12s]
[#5e74f2 332MiB/602MiB(55%) CN:16 DL:17MiB ETA:15s]
[#5e74f2 353MiB/602MiB(58%) CN:16 DL:17MiB ETA:14s]
[#5e74f2 377MiB/602MiB(62%) CN:16 DL:16MiB ETA:13s]
[#5e74f2 402MiB/602MiB(66%) CN:16 DL:17MiB ETA:11s]
[#5e74f2 425MiB/602MiB(70%) CN:16 DL:17MiB ETA:10s]
[#5e74f2 450MiB/602MiB(74%) CN:16 DL:17MiB ETA:8s]
[#5e74f2 474MiB/602MiB(78%) CN:16 DL:17MiB ETA:7s]
[#5e74f2 498MiB/602MiB(82%) CN:15 DL:18MiB ETA:5s]
[#5e74f2 521MiB/602MiB(86%) CN:14 DL:23MiB ETA:3s]
[#5e74f2 545MiB/602MiB(90%) CN:8 DL:23MiB ETA:2s]
[#5e74f2 553MiB/602MiB(91%) CN:6 DL:22MiB ETA:2s]
[#5e74f2 562MiB/602MiB(93%) CN:5 DL:20MiB ETA:1s]
[#5e74f2 570MiB/602MiB(94%) CN:4 DL:19MiB ETA:1s]
[#5e74f2 574MiB/602MiB(95%) CN:3 DL:15MiB ETA:1s]
[#5e74f2 574MiB/602MiB(95%) CN:3 DL:12MiB ETA:2s]
[#5e74f2 574MiB/602MiB(95%) CN:3 DL:10MiB ETA:2s]
[#5e74f2 574MiB/602MiB(95%) CN:3 DL:7.7MiB ETA:3s]
[#5e74f2 574MiB/602MiB(95%) CN:3 DL:5.3MiB ETA:5s]
[#5e74f2 574MiB/602MiB(95%) CN:3 DL:2.8MiB ETA:9s]
[#5e74f2 574MiB/602MiB(95%) CN:3 DL:2.0MiB ETA:13s]
[#5e74f2 574MiB/602MiB(95%) CN:3 DL:1.0MiB ETA:26s]
[#5e74f2 574MiB/602MiB(95%) CN:3 DL:376KiB ETA:1m14s]
[#5e74f2 574MiB/602MiB(95%) CN:3 DL:0B]
[#5e74f2 574MiB/602MiB(95%) CN:3 DL:0B]
[#5e74f2 574MiB/602MiB(95%) CN:3 DL:0B]
[#5e74f2 574MiB/602MiB(95%) CN:3 DL:0B]
[#5e74f2 574MiB/602MiB(95%) CN:3 DL:0B]
[#5e74f2 574MiB/602MiB(95%) CN:3 DL:0B]
[#5e74f2 574MiB/602MiB(95%) CN:3 DL:52KiB ETA:8m49s]
[#5e74f2 574MiB/602MiB(95%) CN:3 DL:26KiB ETA:17m19s]
[#5e74f2 574MiB/602MiB(95%) CN:3 DL:17KiB ETA:25m49s]
[#5e74f2 574MiB/602MiB(95%) CN:3 DL:13KiB ETA:34m20s]
[#5e74f2 574MiB/602MiB(95%) CN:3 DL:10KiB ETA:42m50s]
[#5e74f2 574MiB/602MiB(95%) CN:3 DL:9.0KiB ETA:51m20s]
[#5e74f2 574MiB/602MiB(95%) CN:3 DL:7.7KiB ETA:59m50s]
[#5e74f2 583MiB/602MiB(96%) CN:2 DL:0.9MiB ETA:18s]
 *** Download Progress Summary as of Thu Sep 10 16:31:55 2026 *** 
===============================================================================
[#5e74f2 583MiB/602MiB(96%) CN:2 DL:915KiB ETA:20s]
FILE: /home/xi/tmp/plant_m6A_data/GSE174573/fastq/SRR14570273_1.fastq.gz.part
-------------------------------------------------------------------------------

[#5e74f2 583MiB/602MiB(96%) CN:2 DL:915KiB ETA:20s]
[#5e74f2 583MiB/602MiB(96%) CN:2 DL:2.3MiB ETA:7s]
[#5e74f2 583MiB/602MiB(96%) CN:2 DL:1.8MiB ETA:9s]
[#5e74f2 583MiB/602MiB(96%) CN:2 DL:1.5MiB ETA:11s]
[#5e74f2 583MiB/602MiB(96%) CN:2 DL:1.3MiB ETA:13s]
[#5e74f2 583MiB/602MiB(96%) CN:2 DL:1.1MiB ETA:15s]
[#5e74f2 583MiB/602MiB(96%) CN:2 DL:1.0MiB ETA:17s]
[#5e74f2 583MiB/602MiB(96%) CN:2 DL:0.9MiB ETA:20s]
[#5e74f2 583MiB/602MiB(96%) CN:2 DL:0B]
[#5e74f2 583MiB/602MiB(96%) CN:2 DL:0B]
[#5e74f2 583MiB/602MiB(96%) CN:2 DL:0B]
[#5e74f2 583MiB/602MiB(96%) CN:2 DL:0B]
[#5e74f2 583MiB/602MiB(96%) CN:2 DL:0B]
[#5e74f2 583MiB/602MiB(96%) CN:2 DL:0B]
[#5e74f2 583MiB/602MiB(96%) CN:2 DL:0B]
[#5e74f2 583MiB/602MiB(96%) CN:2 DL:0B]
[#5e74f2 583MiB/602MiB(96%) CN:2 DL:0B]
[#5e74f2 583MiB/602MiB(96%) CN:2 DL:0B]
[#5e74f2 583MiB/602MiB(96%) CN:2 DL:0B]
[#5e74f2 583MiB/602MiB(96%) CN:2 DL:7.4KiB ETA:41m41s]
[#5e74f2 583MiB/602MiB(96%) CN:2 DL:3.7KiB ETA:1h23m24s]
[#5e74f2 583MiB/602MiB(96%) CN:2 DL:2.4KiB ETA:2h5m6s]
[#5e74f2 583MiB/602MiB(96%) CN:2 DL:1.8KiB ETA:2h46m51s]
[#5e74f2 583MiB/602MiB(96%) CN:2 DL:1.4KiB ETA:3h28m29s]
[#5e74f2 583MiB/602MiB(96%) CN:2 DL:2.5KiB ETA:2h3m16s]
[#5e74f2 583MiB/602MiB(96%) CN:2 DL:3.2KiB ETA:1h36m22s]
[#5e74f2 583MiB/602MiB(96%) CN:2 DL:2.8KiB ETA:1h50m4s]
[#5e74f2 583MiB/602MiB(96%) CN:2 DL:2.5KiB ETA:2h3m47s]
[#5e74f2 583MiB/602MiB(96%) CN:2 DL:3.4KiB ETA:1h30m58s]
[#5e74f2 584MiB/602MiB(96%) CN:2 DL:22KiB ETA:13m35s]
[#5e74f2 584MiB/602MiB(96%) CN:2 DL:19KiB ETA:16m13s]
[#5e74f2 584MiB/602MiB(96%) CN:2 DL:16KiB ETA:18m26s]
[#5e74f2 584MiB/602MiB(96%) CN:2 DL:15KiB ETA:20m38s]
[#5e74f2 584MiB/602MiB(96%) CN:2 DL:22KiB ETA:13m52s]
[#5e74f2 584MiB/602MiB(96%) CN:2 DL:18KiB ETA:16m22s]
[#5e74f2 584MiB/602MiB(96%) CN:2 DL:16KiB ETA:18m51s]
[#5e74f2 584MiB/602MiB(96%) CN:2 DL:14KiB ETA:21m20s]
[#5e74f2 584MiB/602MiB(96%) CN:2 DL:13KiB ETA:23m49s]
[#5e74f2 584MiB/602MiB(96%) CN:2 DL:888B ETA:5h57m56s]
[#5e74f2 584MiB/602MiB(96%) CN:2 DL:0B]
[#5e74f2 589MiB/602MiB(97%) CN:2 DL:6.4MiB ETA:1s]
[#5e74f2 593MiB/602MiB(98%) CN:1 DL:4.1MiB ETA:2s]
[#5e74f2 593MiB/602MiB(98%) CN:1 DL:2.8MiB ETA:3s]
[#5e74f2 593MiB/602MiB(98%) CN:1 DL:2.1MiB ETA:4s]
[#5e74f2 593MiB/602MiB(98%) CN:1 DL:1.7MiB ETA:5s]
[#5e74f2 593MiB/602MiB(98%) CN:1 DL:1.4MiB ETA:6s]
[#5e74f2 593MiB/602MiB(98%) CN:1 DL:1.2MiB ETA:7s]
[#5e74f2 593MiB/602MiB(98%) CN:1 DL:1.1MiB ETA:8s]
[#5e74f2 593MiB/602MiB(98%) CN:1 DL:0.9MiB ETA:9s]
[#5e74f2 593MiB/602MiB(98%) CN:1 DL:329KiB ETA:27s]
[#5e74f2 593MiB/602MiB(98%) CN:1 DL:1.2KiB ETA:2h2m32s]
[#5e74f2 593MiB/602MiB(98%) CN:1 DL:1.0KiB ETA:2h23m]
[#5e74f2 593MiB/602MiB(98%) CN:1 DL:0.9KiB ETA:2h43m26s]
[#5e74f2 593MiB/602MiB(98%) CN:1 DL:853B ETA:3h3m45s]
[#5e74f2 593MiB/602MiB(98%) CN:1 DL:0B]
[#5e74f2 593MiB/602MiB(98%) CN:1 DL:7.4KiB ETA:20m22s]
[#5e74f2 593MiB/602MiB(98%) CN:1 DL:3.7KiB ETA:40m46s]
[#5e74f2 593MiB/602MiB(98%) CN:1 DL:4.7KiB ETA:32m2s]
[#5e74f2 593MiB/602MiB(98%) CN:1 DL:3.6KiB ETA:42m1s]
 *** Download Progress Summary as of Thu Sep 10 16:32:56 2026 *** 
===============================================================================
[#5e74f2 593MiB/602MiB(98%) CN:1 DL:2.9KiB ETA:52m1s]
FILE: /home/xi/tmp/plant_m6A_data/GSE174573/fastq/SRR14570273_1.fastq.gz.part
-------------------------------------------------------------------------------

[#5e74f2 593MiB/602MiB(98%) CN:1 DL:2.9KiB ETA:52m1s]
[#5e74f2 593MiB/602MiB(98%) CN:1 DL:2.4KiB ETA:1h2m3s]
[#5e74f2 593MiB/602MiB(98%) CN:1 DL:2.1KiB ETA:1h12m4s]
[#5e74f2 593MiB/602MiB(98%) CN:1 DL:2.6KiB ETA:58m5s]
[#5e74f2 593MiB/602MiB(98%) CN:1 DL:2.3KiB ETA:1h4m40s]
[#5e74f2 593MiB/602MiB(98%) CN:1 DL:1.8KiB ETA:1h23m55s]
[#5e74f2 593MiB/602MiB(98%) CN:1 DL:1.5KiB ETA:1h35m42s]
[#5e74f2 593MiB/602MiB(98%) CN:1 DL:4.2KiB ETA:35m35s]
[#5e74f2 593MiB/602MiB(98%) CN:1 DL:3.6KiB ETA:42m11s]
[#5e74f2 593MiB/602MiB(98%) CN:1 DL:3.1KiB ETA:48m47s]
[#5e74f2 593MiB/602MiB(98%) CN:1 DL:2.7KiB ETA:55m23s]
[#5e74f2 593MiB/602MiB(98%) CN:1 DL:2.4KiB ETA:1h1m58s]
[#5e74f2 593MiB/602MiB(98%) CN:1 DL:2.5KiB ETA:59m54s]
[#5e74f2 593MiB/602MiB(98%) CN:1 DL:2.1KiB ETA:1h9m51s]
[#5e74f2 593MiB/602MiB(98%) CN:1 DL:1.9KiB ETA:1h19m47s]
[#5e74f2 593MiB/602MiB(98%) CN:1 DL:1.6KiB ETA:1h29m45s]
[#5e74f2 593MiB/602MiB(98%) CN:1 DL:0B]
[#5e74f2 593MiB/602MiB(98%) CN:1 DL:0B]
[#5e74f2 593MiB/602MiB(98%) CN:1 DL:0B]
[#5e74f2 593MiB/602MiB(98%) CN:1 DL:0B]
[#5e74f2 593MiB/602MiB(98%) CN:1 DL:0B]
[#5e74f2 593MiB/602MiB(98%) CN:1 DL:0B]
[#5e74f2 593MiB/602MiB(98%) CN:1 DL:0B]
[#5e74f2 593MiB/602MiB(98%) CN:1 DL:0B]
[#5e74f2 593MiB/602MiB(98%) CN:1 DL:0B]
[#5e74f2 593MiB/602MiB(98%) CN:1 DL:0B]
[#5e74f2 593MiB/602MiB(98%) CN:1 DL:0B]
[#5e74f2 593MiB/602MiB(98%) CN:1 DL:7.4KiB ETA:20m18s]
[#5e74f2 593MiB/602MiB(98%) CN:1 DL:3.7KiB ETA:40m37s]
[#5e74f2 593MiB/602MiB(98%) CN:1 DL:4.4KiB ETA:34m31s]
[#5e74f2 593MiB/602MiB(98%) CN:1 DL:3.4KiB ETA:44m27s]
[#5e74f2 593MiB/602MiB(98%) CN:1 DL:2.7KiB ETA:54m24s]
[#5e74f2 593MiB/602MiB(98%) CN:1 DL:2.3KiB ETA:1h4m20s]
[#5e74f2 593MiB/602MiB(98%) CN:1 DL:3.0KiB ETA:50m24s]
[#5e74f2 593MiB/602MiB(98%) CN:1 DL:2.6KiB ETA:56m59s]
[#5e74f2 593MiB/602MiB(98%) CN:1 DL:2.3KiB ETA:1h3m34s]
[#5e74f2 593MiB/602MiB(98%) CN:1 DL:1.9KiB ETA:1h19m44s]
[#5e74f2 593MiB/602MiB(98%) CN:1 DL:1.6KiB ETA:1h30m4s]
[#5e74f2 593MiB/602MiB(98%) CN:1 DL:1.2KiB ETA:1h58m5s]
[#5e74f2 593MiB/602MiB(98%) CN:1 DL:1.9KiB ETA:1h17m22s]
[#5e74f2 593MiB/602MiB(98%) CN:1 DL:1.7KiB ETA:1h27m17s]
[#5e74f2 593MiB/602MiB(98%) CN:1 DL:1.5KiB ETA:1h37m13s]
[#5e74f2 593MiB/602MiB(98%) CN:1 DL:1.8KiB ETA:1h20m57s]
[#5e74f2 593MiB/602MiB(98%) CN:1 DL:4.4KiB ETA:34m9s]
[#5e74f2 593MiB/602MiB(98%) CN:1 DL:3.7KiB ETA:40m43s]
[#5e74f2 593MiB/602MiB(98%) CN:1 DL:3.2KiB ETA:47m16s]
[#5e74f2 593MiB/602MiB(98%) CN:1 DL:2.8KiB ETA:53m50s]
[#5e74f2 593MiB/602MiB(98%) CN:1 DL:2.5KiB ETA:1h23s]
[#5e74f2 593MiB/602MiB(98%) CN:1 DL:2.5KiB ETA:58m25s]
[#5e74f2 593MiB/602MiB(98%) CN:1 DL:3.2KiB ETA:46m24s]
[#5e74f2 593MiB/602MiB(98%) CN:1 DL:2.8KiB ETA:52m57s]
[#5e74f2 593MiB/602MiB(98%) CN:1 DL:2.5KiB ETA:59m31s]
[#5e74f2 593MiB/602MiB(98%) CN:1 DL:1.8KiB ETA:1h20m49s]
[#5e74f2 593MiB/602MiB(98%) CN:1 DL:1.4KiB ETA:1h41m2s]
[#5e74f2 593MiB/602MiB(98%) CN:1 DL:1.2KiB ETA:2h1m16s]
[#5e74f2 593MiB/602MiB(98%) CN:1 DL:1.0KiB ETA:2h21m30s]
[#5e74f2 593MiB/602MiB(98%) CN:1 DL:0.9KiB ETA:2h41m43s]
[#5e74f2 593MiB/602MiB(98%) CN:1 DL:853B ETA:3h1m49s]
 *** Download Progress Summary as of Thu Sep 10 16:33:57 2026 *** 
===============================================================================
[#5e74f2 593MiB/602MiB(98%) CN:1 DL:0B]
FILE: /home/xi/tmp/plant_m6A_data/GSE174573/fastq/SRR14570273_1.fastq.gz.part
-------------------------------------------------------------------------------

[#5e74f2 593MiB/602MiB(98%) CN:1 DL:0B]
[#5e74f2 593MiB/602MiB(98%) CN:1 DL:0B]
[#5e74f2 593MiB/602MiB(98%) CN:1 DL:0B]
[#5e74f2 593MiB/602MiB(98%) CN:1 DL:0B]
[#5e74f2 593MiB/602MiB(98%) CN:1 DL:0B]
[#5e74f2 593MiB/602MiB(98%) CN:1 DL:0B]
[#5e74f2 593MiB/602MiB(98%) CN:1 DL:0B]
[#5e74f2 593MiB/602MiB(98%) CN:1 DL:0B]
[#5e74f2 593MiB/602MiB(98%) CN:1 DL:0B]
[#5e74f2 593MiB/602MiB(98%) CN:1 DL:0B]
[#5e74f2 593MiB/602MiB(98%) CN:1 DL:0B]
[#5e74f2 593MiB/602MiB(98%) CN:1 DL:0B]
[#5e74f2 593MiB/602MiB(98%) CN:1 DL:0B]
[#5e74f2 593MiB/602MiB(98%) CN:1 DL:0B]
[#5e74f2 593MiB/602MiB(98%) CN:1 DL:0B]
[#5e74f2 593MiB/602MiB(98%) CN:1 DL:0B]
[#5e74f2 593MiB/602MiB(98%) CN:1 DL:0B]
[#5e74f2 593MiB/602MiB(98%) CN:1 DL:0B]
[#5e74f2 593MiB/602MiB(98%) CN:1 DL:0B]
[#5e74f2 593MiB/602MiB(98%) CN:1 DL:0B]
[#5e74f2 593MiB/602MiB(98%) CN:1 DL:0B]
[#5e74f2 593MiB/602MiB(98%) CN:1 DL:0B]
[#5e74f2 593MiB/602MiB(98%) CN:1 DL:0B]
[#5e74f2 593MiB/602MiB(98%) CN:1 DL:0B]
[#5e74f2 593MiB/602MiB(98%) CN:1 DL:0B]
[#5e74f2 593MiB/602MiB(98%) CN:1 DL:0B]
[#5e74f2 593MiB/602MiB(98%) CN:1 DL:0B]
[#5e74f2 593MiB/602MiB(98%) CN:1 DL:0B]
[#5e74f2 593MiB/602MiB(98%) CN:1 DL:0B]
[#5e74f2 593MiB/602MiB(98%) CN:1 DL:0B]
[#5e74f2 593MiB/602MiB(98%) CN:1 DL:0B]
[#5e74f2 593MiB/602MiB(98%) CN:1 DL:0B]
[#5e74f2 593MiB/602MiB(98%) CN:1 DL:0B]
[#5e74f2 593MiB/602MiB(98%) CN:1 DL:0B]
[#5e74f2 593MiB/602MiB(98%) CN:1 DL:0B]
[#5e74f2 593MiB/602MiB(98%) CN:1 DL:0B]
[#5e74f2 593MiB/602MiB(98%) CN:1 DL:0B]
[#5e74f2 593MiB/602MiB(98%) CN:1 DL:0B]
[#5e74f2 593MiB/602MiB(98%) CN:1 DL:0B]
[#5e74f2 593MiB/602MiB(98%) CN:1 DL:0B]
[#5e74f2 593MiB/602MiB(98%) CN:1 DL:0B]
[#5e74f2 593MiB/602MiB(98%) CN:1 DL:15KiB ETA:10m3s]
[#5e74f2 593MiB/602MiB(98%) CN:1 DL:16KiB ETA:8m55s]
[#5e74f2 593MiB/602MiB(98%) CN:1 DL:12KiB ETA:12m9s]
[#5e74f2 593MiB/602MiB(98%) CN:1 DL:9.7KiB ETA:15m23s]
[#5e74f2 593MiB/602MiB(98%) CN:1 DL:8.0KiB ETA:18m38s]
[#5e74f2 593MiB/602MiB(98%) CN:1 DL:7.0KiB ETA:21m14s]
[#5e74f2 593MiB/602MiB(98%) CN:1 DL:6.2KiB ETA:24m1s]
[#5e74f2 593MiB/602MiB(98%) CN:1 DL:5.6KiB ETA:26m47s]
[#5e74f2 593MiB/602MiB(98%) CN:1 DL:4.3KiB ETA:34m27s]
[#5e74f2 593MiB/602MiB(98%) CN:1 DL:1.5KiB ETA:1h37m49s]
[#5e74f2 593MiB/602MiB(98%) CN:1 DL:2.5KiB ETA:59m48s]
[#5e74f2 593MiB/602MiB(98%) CN:1 DL:2.1KiB ETA:1h9m39s]
[#5e74f2 593MiB/602MiB(98%) CN:1 DL:1.8KiB ETA:1h19m28s]
[#5e74f2 593MiB/602MiB(98%) CN:1 DL:1.6KiB ETA:1h29m19s]
[#5e74f2 593MiB/602MiB(98%) CN:1 DL:1.4KiB ETA:1h40m19s]
[#5e74f2 593MiB/602MiB(98%) CN:1 DL:2.4KiB ETA:1h2m33s]
 *** Download Progress Summary as of Thu Sep 10 16:34:57 2026 *** 
===============================================================================
[#5e74f2 593MiB/602MiB(98%) CN:1 DL:2.0KiB ETA:1h12m24s]
FILE: /home/xi/tmp/plant_m6A_data/GSE174573/fastq/SRR14570273_1.fastq.gz.part
-------------------------------------------------------------------------------

[#5e74f2 593MiB/602MiB(98%) CN:1 DL:2.0KiB ETA:1h12m24s]
[#5e74f2 593MiB/602MiB(98%) CN:1 DL:1.8KiB ETA:1h22m18s]
[#5e74f2 593MiB/602MiB(98%) CN:1 DL:1.6KiB ETA:1h32m6s]
[#5e74f2 593MiB/602MiB(98%) CN:1 DL:1.5KiB ETA:1h36m29s]
[#5e74f2 593MiB/602MiB(98%) CN:1 DL:1.2KiB ETA:1h57m12s]
[#5e74f2 593MiB/602MiB(98%) CN:1 DL:1.1KiB ETA:2h16m32s]
[#5e74f2 593MiB/602MiB(98%) CN:1 DL:0.9KiB ETA:2h35m52s]
[#5e74f2 593MiB/602MiB(98%) CN:1 DL:879B ETA:2h55m12s]
[#5e74f2 593MiB/602MiB(98%) CN:1 DL:0B]
[#5e74f2 593MiB/602MiB(98%) CN:1 DL:0B]
[#5e74f2 593MiB/602MiB(98%) CN:1 DL:7.4KiB ETA:20m1s]
[#5e74f2 593MiB/602MiB(98%) CN:1 DL:3.7KiB ETA:40m3s]
[#5e74f2 593MiB/602MiB(98%) CN:1 DL:2.4KiB ETA:1h4s]
[#5e74f2 593MiB/602MiB(98%) CN:1 DL:1.8KiB ETA:1h20m6s]
[#5e74f2 593MiB/602MiB(98%) CN:1 DL:1.4KiB ETA:1h40m9s]
[#5e74f2 593MiB/602MiB(98%) CN:1 DL:1.2KiB ETA:2h12s]
[#5e74f2 593MiB/602MiB(98%) CN:1 DL:1.0KiB ETA:2h20m16s]
[#5e74f2 593MiB/602MiB(98%) CN:1 DL:0.9KiB ETA:2h40m18s]
[#5e74f2 593MiB/602MiB(98%) CN:1 DL:853B ETA:3h13s]
[#5e74f2 593MiB/602MiB(98%) CN:1 DL:0B]
[#5e74f2 593MiB/602MiB(98%) CN:1 DL:0B]
[#5e74f2 593MiB/602MiB(98%) CN:1 DL:0B]
[#5e74f2 593MiB/602MiB(98%) CN:1 DL:0B]
[#5e74f2 593MiB/602MiB(98%) CN:1 DL:0B]
[#5e74f2 593MiB/602MiB(98%) CN:1 DL:0B]
[#5e74f2 593MiB/602MiB(98%) CN:1 DL:7.4KiB ETA:20m1s]
[#5e74f2 593MiB/602MiB(98%) CN:1 DL:3.7KiB ETA:40m3s]
[#5e74f2 593MiB/602MiB(98%) CN:1 DL:2.4KiB ETA:1h4s]
[#5e74f2 593MiB/602MiB(98%) CN:1 DL:1.8KiB ETA:1h20m6s]
[#5e74f2 593MiB/602MiB(98%) CN:1 DL:1.4KiB ETA:1h40m9s]
[#5e74f2 593MiB/602MiB(98%) CN:1 DL:1.2KiB ETA:2h12s]
[#5e74f2 593MiB/602MiB(98%) CN:1 DL:1.0KiB ETA:2h20m16s]
[#5e74f2 593MiB/602MiB(98%) CN:1 DL:0.9KiB ETA:2h40m18s]
[#5e74f2 593MiB/602MiB(98%) CN:1 DL:853B ETA:3h13s]
[#5e74f2 593MiB/602MiB(98%) CN:1 DL:0B]
[#5e74f2 593MiB/602MiB(98%) CN:1 DL:0B]
[#5e74f2 593MiB/602MiB(98%) CN:1 DL:7.8KiB ETA:19m12s]
[#5e74f2 593MiB/602MiB(98%) CN:1 DL:3.9KiB ETA:38m24s]
[#5e74f2 593MiB/602MiB(98%) CN:1 DL:2.6KiB ETA:57m36s]
[#5e74f2 593MiB/602MiB(98%) CN:1 DL:1.9KiB ETA:1h16m48s]
[#5e74f2 593MiB/602MiB(98%) CN:1 DL:1.5KiB ETA:1h36m2s]

Download Results:
gid   |stat|avg speed  |path/URI
======+====+===========+=======================================================
5e74f2|OK  |   2.1MiB/s|/home/xi/tmp/plant_m6A_data/GSE174573/fastq/SRR14570273_1.fastq.gz.part

Status Legend:
(OK):download completed.
[#3b85f1 0B/0B CN:1 DL:0B]
[#3b85f1 0B/0B CN:1 DL:0B]
[#3b85f1 0B/0B CN:1 DL:0B]
[#3b85f1 32KiB/629MiB(0%) CN:16 DL:1.8MiB ETA:5m48s]
[#3b85f1 11MiB/629MiB(1%) CN:16 DL:10MiB ETA:58s]
[#3b85f1 31MiB/629MiB(5%) CN:16 DL:15MiB ETA:39s]
[#3b85f1 55MiB/629MiB(8%) CN:16 DL:17MiB ETA:32s]
[#3b85f1 78MiB/629MiB(12%) CN:16 DL:19MiB ETA:28s]
[#3b85f1 102MiB/629MiB(16%) CN:16 DL:19MiB ETA:26s]
[#3b85f1 126MiB/629MiB(20%) CN:16 DL:20MiB ETA:24s]
[#3b85f1 151MiB/629MiB(24%) CN:16 DL:21MiB ETA:22s]
[#3b85f1 169MiB/629MiB(26%) CN:16 DL:18MiB ETA:25s]
[#3b85f1 190MiB/629MiB(30%) CN:16 DL:19MiB ETA:22s]
[#3b85f1 213MiB/629MiB(33%) CN:16 DL:19MiB ETA:21s]
[#3b85f1 238MiB/629MiB(37%) CN:16 DL:19MiB ETA:19s]
[#3b85f1 259MiB/629MiB(41%) CN:16 DL:19MiB ETA:18s]
[#3b85f1 284MiB/629MiB(45%) CN:16 DL:19MiB ETA:17s]
[#3b85f1 308MiB/629MiB(49%) CN:16 DL:19MiB ETA:16s]
[#3b85f1 330MiB/629MiB(52%) CN:16 DL:19MiB ETA:15s]
[#3b85f1 357MiB/629MiB(56%) CN:16 DL:23MiB ETA:11s]
[#3b85f1 377MiB/629MiB(59%) CN:16 DL:22MiB ETA:11s]
[#3b85f1 403MiB/629MiB(64%) CN:16 DL:23MiB ETA:9s]
[#3b85f1 426MiB/629MiB(67%) CN:16 DL:23MiB ETA:8s]
[#3b85f1 448MiB/629MiB(71%) CN:16 DL:23MiB ETA:7s]
[#3b85f1 472MiB/629MiB(75%) CN:15 DL:23MiB ETA:6s]
[#3b85f1 496MiB/629MiB(78%) CN:14 DL:23MiB ETA:5s]
[#3b85f1 520MiB/629MiB(82%) CN:13 DL:23MiB ETA:4s]
[#3b85f1 539MiB/629MiB(85%) CN:12 DL:18MiB ETA:4s]
[#3b85f1 557MiB/629MiB(88%) CN:11 DL:17MiB ETA:4s]
[#3b85f1 577MiB/629MiB(91%) CN:11 DL:17MiB ETA:2s]
[#3b85f1 591MiB/629MiB(93%) CN:11 DL:16MiB ETA:2s]
[#3b85f1 615MiB/629MiB(97%) CN:10 DL:16MiB]
[#3b85f1 619MiB/629MiB(98%) CN:9 DL:13MiB]
[#3b85f1 624MiB/629MiB(99%) CN:1 DL:10MiB]
[#3b85f1 624MiB/629MiB(99%) CN:1 DL:10MiB]
[#3b85f1 624MiB/629MiB(99%) CN:1 DL:9.6MiB]
[#3b85f1 624MiB/629MiB(99%) CN:1 DL:8.6MiB]
[#3b85f1 624MiB/629MiB(99%) CN:1 DL:6.8MiB]
[#3b85f1 624MiB/629MiB(99%) CN:1 DL:4.8MiB ETA:1s]
[#3b85f1 624MiB/629MiB(99%) CN:1 DL:3.4MiB ETA:1s]
[#3b85f1 624MiB/629MiB(99%) CN:1 DL:910KiB ETA:5s]

Download Results:
gid   |stat|avg speed  |path/URI
======+====+===========+=======================================================
3b85f1|OK  |    15MiB/s|/home/xi/tmp/plant_m6A_data/GSE174573/fastq/SRR14570273_2.fastq.gz.part

Status Legend:
(OK):download completed.
=== SRR14570273 fastp ===
=== SRR14570273 hisat2 ===
[bam_sort_core] merging from 1 files and 4 in-memory blocks...
=== SRR14570274 download ===
[#def065 0B/0B CN:1 DL:0B]
[#def065 0B/0B CN:1 DL:0B]
[#def065 0B/0B CN:1 DL:0B]
[#def065 0B/0B CN:1 DL:0B]
[#def065 8.3MiB/1.0GiB(0%) CN:16 DL:11MiB ETA:1m29s]
[#def065 21MiB/1.0GiB(2%) CN:16 DL:12MiB ETA:1m24s]
[#def065 32MiB/1.0GiB(3%) CN:16 DL:11MiB ETA:1m25s]
[#def065 45MiB/1.0GiB(4%) CN:16 DL:11MiB ETA:1m22s]
[#def065 57MiB/1.0GiB(5%) CN:16 DL:11MiB ETA:1m22s]
[#def065 66MiB/1.0GiB(6%) CN:16 DL:11MiB ETA:1m24s]
[#def065 95MiB/1.0GiB(9%) CN:16 DL:14MiB ETA:1m7s]
[#def065 120MiB/1.0GiB(11%) CN:16 DL:15MiB ETA:59s]
[#def065 141MiB/1.0GiB(13%) CN:16 DL:16MiB ETA:55s]
[#def065 167MiB/1.0GiB(16%) CN:16 DL:17MiB ETA:50s]
[#def065 195MiB/1.0GiB(18%) CN:16 DL:18MiB ETA:45s]
[#def065 206MiB/1.0GiB(19%) CN:16 DL:17MiB ETA:47s]
[#def065 230MiB/1.0GiB(22%) CN:16 DL:18MiB ETA:43s]
[#def065 255MiB/1.0GiB(24%) CN:16 DL:20MiB ETA:39s]
[#def065 281MiB/1.0GiB(27%) CN:16 DL:21MiB ETA:35s]
[#def065 308MiB/1.0GiB(29%) CN:16 DL:21MiB ETA:34s]
[#def065 334MiB/1.0GiB(32%) CN:16 DL:21MiB ETA:32s]
[#def065 359MiB/1.0GiB(34%) CN:16 DL:21MiB ETA:31s]
[#def065 386MiB/1.0GiB(37%) CN:16 DL:21MiB ETA:30s]
[#def065 410MiB/1.0GiB(39%) CN:16 DL:21MiB ETA:29s]
[#def065 435MiB/1.0GiB(41%) CN:16 DL:25MiB ETA:24s]
[#def065 460MiB/1.0GiB(44%) CN:16 DL:24MiB ETA:23s]
[#def065 481MiB/1.0GiB(46%) CN:16 DL:24MiB ETA:22s]
[#def065 502MiB/1.0GiB(48%) CN:16 DL:23MiB ETA:22s]
[#def065 527MiB/1.0GiB(50%) CN:16 DL:23MiB ETA:21s]
[#def065 550MiB/1.0GiB(53%) CN:16 DL:23MiB ETA:20s]
[#def065 573MiB/1.0GiB(55%) CN:16 DL:23MiB ETA:19s]
[#def065 595MiB/1.0GiB(57%) CN:16 DL:22MiB ETA:19s]
[#def065 609MiB/1.0GiB(58%) CN:16 DL:16MiB ETA:26s]
[#def065 620MiB/1.0GiB(59%) CN:16 DL:13MiB ETA:30s]
[#def065 640MiB/1.0GiB(61%) CN:16 DL:13MiB ETA:28s]
[#def065 664MiB/1.0GiB(63%) CN:16 DL:13MiB ETA:27s]
[#def065 688MiB/1.0GiB(66%) CN:16 DL:13MiB ETA:25s]
[#def065 711MiB/1.0GiB(68%) CN:16 DL:13MiB ETA:24s]
[#def065 732MiB/1.0GiB(70%) CN:16 DL:13MiB ETA:22s]
[#def065 756MiB/1.0GiB(72%) CN:16 DL:18MiB ETA:15s]
[#def065 779MiB/1.0GiB(75%) CN:16 DL:19MiB ETA:13s]
[#def065 801MiB/1.0GiB(77%) CN:16 DL:19MiB ETA:12s]
[#def065 818MiB/1.0GiB(78%) CN:16 DL:21MiB ETA:10s]
[#def065 839MiB/1.0GiB(80%) CN:16 DL:21MiB ETA:9s]
[#def065 861MiB/1.0GiB(82%) CN:16 DL:21MiB ETA:8s]
[#def065 885MiB/1.0GiB(85%) CN:16 DL:21MiB ETA:7s]
[#def065 908MiB/1.0GiB(87%) CN:16 DL:21MiB ETA:6s]
[#def065 0.9GiB/1.0GiB(89%) CN:15 DL:21MiB ETA:4s]
[#def065 0.9GiB/1.0GiB(91%) CN:14 DL:21MiB ETA:3s]
[#def065 0.9GiB/1.0GiB(94%) CN:14 DL:21MiB ETA:2s]
[#def065 0.9GiB/1.0GiB(95%) CN:13 DL:21MiB ETA:1s]
[#def065 0.9GiB/1.0GiB(98%) CN:13 DL:22MiB]
[#def065 1.0GiB/1.0GiB(99%) CN:9 DL:20MiB]
[#def065 1.0GiB/1.0GiB(99%) CN:8 DL:17MiB]
[#def065 1.0GiB/1.0GiB(99%) CN:8 DL:15MiB]
 *** Download Progress Summary as of Thu Sep 10 16:41:22 2026 *** 
===============================================================================
[#def065 1.0GiB/1.0GiB(99%) CN:8 DL:12MiB]
FILE: /home/xi/tmp/plant_m6A_data/GSE174573/fastq/SRR14570274_1.fastq.gz.part
-------------------------------------------------------------------------------

[#def065 1.0GiB/1.0GiB(99%) CN:8 DL:12MiB]
[#def065 1.0GiB/1.0GiB(99%) CN:8 DL:8.0MiB ETA:1s]
[#def065 1.0GiB/1.0GiB(99%) CN:7 DL:5.7MiB]
[#def065 1.0GiB/1.0GiB(99%) CN:7 DL:3.9MiB]
[#def065 1.0GiB/1.0GiB(99%) CN:7 DL:1.6MiB]
[#def065 1.0GiB/1.0GiB(99%) CN:7 DL:831KiB ETA:1s]
[#def065 1.0GiB/1.0GiB(99%) CN:7 DL:1.3MiB]
[#def065 1.0GiB/1.0GiB(99%) CN:5 DL:1.0MiB]
[#def065 1.0GiB/1.0GiB(99%) CN:5 DL:0.9MiB ETA:1s]
[#def065 1.0GiB/1.0GiB(99%) CN:5 DL:858KiB ETA:1s]
[#def065 1.0GiB/1.0GiB(99%) CN:5 DL:77KiB ETA:12s]
[#def065 1.0GiB/1.0GiB(99%) CN:5 DL:60KiB ETA:15s]
[#def065 1.0GiB/1.0GiB(99%) CN:5 DL:52KiB ETA:17s]
[#def065 1.0GiB/1.0GiB(99%) CN:5 DL:46KiB ETA:19s]
[#def065 1.0GiB/1.0GiB(99%) CN:5 DL:41KiB ETA:22s]
[#def065 1.0GiB/1.0GiB(99%) CN:5 DL:4.1KiB ETA:3m45s]
[#def065 1.0GiB/1.0GiB(99%) CN:5 DL:3.4KiB ETA:4m25s]
[#def065 1.0GiB/1.0GiB(99%) CN:5 DL:4.8KiB ETA:3m9s]
[#def065 1.0GiB/1.0GiB(99%) CN:5 DL:4.2KiB ETA:3m33s]
[#def065 1.0GiB/1.0GiB(99%) CN:5 DL:3.8KiB ETA:3m56s]
[#def065 1.0GiB/1.0GiB(99%) CN:5 DL:3.8KiB ETA:3m59s]
[#def065 1.0GiB/1.0GiB(99%) CN:5 DL:21KiB ETA:37s]
[#def065 1.0GiB/1.0GiB(99%) CN:5 DL:35KiB ETA:18s]
[#def065 1.0GiB/1.0GiB(99%) CN:5 DL:31KiB ETA:21s]
[#def065 1.0GiB/1.0GiB(99%) CN:5 DL:27KiB ETA:24s]
[#def065 1.0GiB/1.0GiB(99%) CN:5 DL:38KiB ETA:17s]
[#def065 1.0GiB/1.0GiB(99%) CN:4 DL:40KiB ETA:14s]
[#def065 1.0GiB/1.0GiB(99%) CN:4 DL:35KiB ETA:16s]
[#def065 1.0GiB/1.0GiB(99%) CN:4 DL:31KiB ETA:18s]
[#def065 1.0GiB/1.0GiB(99%) CN:4 DL:21KiB ETA:27s]
[#def065 1.0GiB/1.0GiB(99%) CN:4 DL:11KiB ETA:53s]
[#def065 1.0GiB/1.0GiB(99%) CN:4 DL:10KiB ETA:56s]
[#def065 1.0GiB/1.0GiB(99%) CN:4 DL:9.1KiB ETA:1m4s]
[#def065 1.0GiB/1.0GiB(99%) CN:4 DL:8.0KiB ETA:1m13s]
[#def065 1.0GiB/1.0GiB(99%) CN:4 DL:7.1KiB ETA:1m22s]
[#def065 1.0GiB/1.0GiB(99%) CN:4 DL:2.9KiB ETA:3m18s]
[#def065 1.0GiB/1.0GiB(99%) CN:3 DL:25KiB ETA:16s]
[#def065 1.0GiB/1.0GiB(99%) CN:3 DL:22KiB ETA:18s]
[#def065 1.0GiB/1.0GiB(99%) CN:3 DL:19KiB ETA:20s]
[#def065 1.0GiB/1.0GiB(99%) CN:3 DL:32KiB ETA:12s]
[#def065 1.0GiB/1.0GiB(99%) CN:3 DL:28KiB ETA:14s]
[#def065 1.0GiB/1.0GiB(99%) CN:2 DL:46KiB ETA:4s]
[#def065 1.0GiB/1.0GiB(99%) CN:2 DL:41KiB ETA:5s]
[#def065 1.0GiB/1.0GiB(99%) CN:1 DL:51KiB ETA:1s]
[#def065 1.0GiB/1.0GiB(99%) CN:1 DL:46KiB ETA:1s]
[#def065 1.0GiB/1.0GiB(99%) CN:1 DL:52KiB ETA:1s]
[#def065 1.0GiB/1.0GiB(99%) CN:1 DL:44KiB ETA:1s]
[#def065 1.0GiB/1.0GiB(99%) CN:1 DL:43KiB]
[#def065 1.0GiB/1.0GiB(99%) CN:1 DL:39KiB]
[#def065 1.0GiB/1.0GiB(99%) CN:1 DL:22KiB ETA:1s]
[#def065 1.0GiB/1.0GiB(99%) CN:1 DL:20KiB ETA:1s]
[#def065 1.0GiB/1.0GiB(99%) CN:1 DL:17KiB ETA:1s]

Download Results:
gid   |stat|avg speed  |path/URI
======+====+===========+=======================================================
def065|OK  |   9.0MiB/s|/home/xi/tmp/plant_m6A_data/GSE174573/fastq/SRR14570274_1.fastq.gz.part

Status Legend:
(OK):download completed.
[#101880 0B/0B CN:1 DL:0B]
[#101880 0B/0B CN:1 DL:0B]
[#101880 816KiB/1.0GiB(0%) CN:16 DL:4.6MiB ETA:3m54s]
[#101880 10MiB/1.0GiB(0%) CN:16 DL:9.1MiB ETA:1m56s]
[#101880 20MiB/1.0GiB(1%) CN:16 DL:9.2MiB ETA:1m54s]
[#101880 28MiB/1.0GiB(2%) CN:16 DL:8.9MiB ETA:1m57s]
[#101880 35MiB/1.0GiB(3%) CN:16 DL:8.6MiB ETA:2m]
[#101880 46MiB/1.0GiB(4%) CN:16 DL:8.9MiB ETA:1m55s]
[#101880 77MiB/1.0GiB(7%) CN:16 DL:12MiB ETA:1m20s]
[#101880 103MiB/1.0GiB(9%) CN:16 DL:14MiB ETA:1m8s]
[#101880 121MiB/1.0GiB(11%) CN:16 DL:14MiB ETA:1m5s]
[#101880 145MiB/1.0GiB(13%) CN:16 DL:15MiB ETA:59s]
[#101880 171MiB/1.0GiB(15%) CN:16 DL:17MiB ETA:51s]
[#101880 198MiB/1.0GiB(18%) CN:16 DL:19MiB ETA:45s]
[#101880 221MiB/1.0GiB(20%) CN:16 DL:20MiB ETA:41s]
[#101880 247MiB/1.0GiB(22%) CN:16 DL:22MiB ETA:36s]
[#101880 251MiB/1.0GiB(23%) CN:16 DL:19MiB ETA:43s]
[#101880 277MiB/1.0GiB(25%) CN:16 DL:19MiB ETA:41s]
[#101880 296MiB/1.0GiB(27%) CN:16 DL:19MiB ETA:40s]
[#101880 315MiB/1.0GiB(29%) CN:16 DL:18MiB ETA:41s]
[#101880 342MiB/1.0GiB(31%) CN:16 DL:18MiB ETA:39s]
[#101880 370MiB/1.0GiB(34%) CN:16 DL:19MiB ETA:37s]
[#101880 394MiB/1.0GiB(36%) CN:16 DL:18MiB ETA:36s]
[#101880 422MiB/1.0GiB(39%) CN:16 DL:19MiB ETA:34s]
[#101880 445MiB/1.0GiB(41%) CN:16 DL:23MiB ETA:26s]
[#101880 471MiB/1.0GiB(43%) CN:16 DL:24MiB ETA:25s]
[#101880 497MiB/1.0GiB(46%) CN:16 DL:24MiB ETA:24s]
[#101880 520MiB/1.0GiB(48%) CN:16 DL:24MiB ETA:22s]
[#101880 537MiB/1.0GiB(49%) CN:16 DL:24MiB ETA:22s]
[#101880 560MiB/1.0GiB(51%) CN:16 DL:23MiB ETA:21s]
[#101880 584MiB/1.0GiB(54%) CN:16 DL:23MiB ETA:21s]
[#101880 605MiB/1.0GiB(56%) CN:16 DL:23MiB ETA:20s]
[#101880 614MiB/1.0GiB(56%) CN:16 DL:17MiB ETA:25s]
[#101880 615MiB/1.0GiB(56%) CN:16 DL:14MiB ETA:31s]
[#101880 637MiB/1.0GiB(59%) CN:16 DL:14MiB ETA:31s]
[#101880 654MiB/1.0GiB(60%) CN:16 DL:13MiB ETA:30s]
[#101880 675MiB/1.0GiB(62%) CN:16 DL:14MiB ETA:28s]
[#101880 696MiB/1.0GiB(64%) CN:16 DL:13MiB ETA:27s]
[#101880 721MiB/1.0GiB(66%) CN:16 DL:14MiB ETA:25s]
[#101880 743MiB/1.0GiB(68%) CN:16 DL:13MiB ETA:24s]
[#101880 766MiB/1.0GiB(70%) CN:16 DL:18MiB ETA:17s]
[#101880 789MiB/1.0GiB(73%) CN:16 DL:18MiB ETA:15s]
[#101880 813MiB/1.0GiB(75%) CN:16 DL:21MiB ETA:12s]
[#101880 835MiB/1.0GiB(77%) CN:16 DL:21MiB ETA:11s]
[#101880 851MiB/1.0GiB(78%) CN:16 DL:21MiB ETA:10s]
[#101880 873MiB/1.0GiB(80%) CN:16 DL:21MiB ETA:9s]
[#101880 898MiB/1.0GiB(83%) CN:16 DL:22MiB ETA:8s]
[#101880 920MiB/1.0GiB(85%) CN:16 DL:21MiB ETA:7s]
[#101880 0.9GiB/1.0GiB(87%) CN:16 DL:21MiB ETA:6s]
[#101880 0.9GiB/1.0GiB(89%) CN:15 DL:21MiB ETA:5s]
[#101880 0.9GiB/1.0GiB(91%) CN:14 DL:21MiB ETA:4s]
[#101880 0.9GiB/1.0GiB(92%) CN:14 DL:20MiB ETA:3s]
[#101880 1.0GiB/1.0GiB(95%) CN:9 DL:21MiB ETA:2s]
[#101880 1.0GiB/1.0GiB(96%) CN:4 DL:18MiB ETA:2s]
[#101880 1.0GiB/1.0GiB(96%) CN:4 DL:16MiB ETA:2s]
 *** Download Progress Summary as of Thu Sep 10 16:43:40 2026 *** 
===============================================================================
[#101880 1.0GiB/1.0GiB(96%) CN:4 DL:14MiB ETA:2s]
FILE: /home/xi/tmp/plant_m6A_data/GSE174573/fastq/SRR14570274_2.fastq.gz.part
-------------------------------------------------------------------------------

[#101880 1.0GiB/1.0GiB(96%) CN:4 DL:14MiB ETA:2s]
[#101880 1.0GiB/1.0GiB(96%) CN:4 DL:9.5MiB ETA:4s]
[#101880 1.0GiB/1.0GiB(96%) CN:4 DL:5.6MiB ETA:6s]
[#101880 1.0GiB/1.0GiB(96%) CN:4 DL:3.7MiB ETA:10s]
[#101880 1.0GiB/1.0GiB(96%) CN:4 DL:1.1MiB ETA:33s]
[#101880 1.0GiB/1.0GiB(97%) CN:4 DL:2.0MiB ETA:14s]
[#101880 1.0GiB/1.0GiB(97%) CN:4 DL:1.9MiB ETA:14s]
[#101880 1.0GiB/1.0GiB(97%) CN:4 DL:1.6MiB ETA:16s]
[#101880 1.0GiB/1.0GiB(97%) CN:4 DL:1.4MiB ETA:19s]
[#101880 1.0GiB/1.0GiB(97%) CN:4 DL:1.2MiB ETA:21s]
[#101880 1.0GiB/1.0GiB(97%) CN:3 DL:1.6MiB ETA:16s]
[#101880 1.0GiB/1.0GiB(98%) CN:3 DL:2.7MiB ETA:6s]
[#101880 1.0GiB/1.0GiB(98%) CN:3 DL:2.7MiB ETA:5s]
[#101880 1.0GiB/1.0GiB(98%) CN:3 DL:2.4MiB ETA:5s]
[#101880 1.0GiB/1.0GiB(98%) CN:2 DL:2.6MiB ETA:5s]
[#101880 1.0GiB/1.0GiB(99%) CN:2 DL:2.9MiB ETA:3s]
[#101880 1.0GiB/1.0GiB(99%) CN:2 DL:2.5MiB ETA:3s]
[#101880 1.0GiB/1.0GiB(99%) CN:2 DL:2.2MiB ETA:4s]
[#101880 1.0GiB/1.0GiB(99%) CN:2 DL:2.0MiB ETA:4s]
[#101880 1.0GiB/1.0GiB(99%) CN:2 DL:1.9MiB ETA:4s]
[#101880 1.0GiB/1.0GiB(99%) CN:2 DL:806KiB ETA:11s]
[#101880 1.0GiB/1.0GiB(99%) CN:2 DL:673KiB ETA:13s]
[#101880 1.0GiB/1.0GiB(99%) CN:2 DL:597KiB ETA:15s]
[#101880 1.0GiB/1.0GiB(99%) CN:2 DL:537KiB ETA:17s]
[#101880 1.0GiB/1.0GiB(99%) CN:2 DL:211KiB ETA:43s]
[#101880 1.0GiB/1.0GiB(99%) CN:2 DL:117KiB ETA:1m17s]
[#101880 1.0GiB/1.0GiB(99%) CN:2 DL:53KiB ETA:2m49s]
[#101880 1.0GiB/1.0GiB(99%) CN:2 DL:34KiB ETA:4m26s]
[#101880 1.0GiB/1.0GiB(99%) CN:2 DL:25KiB ETA:6m4s]
[#101880 1.0GiB/1.0GiB(99%) CN:2 DL:19KiB ETA:7m42s]
[#101880 1.0GiB/1.0GiB(99%) CN:1 DL:32KiB ETA:4m36s]
[#101880 1.0GiB/1.0GiB(99%) CN:1 DL:29KiB ETA:5m9s]
[#101880 1.0GiB/1.0GiB(99%) CN:1 DL:25KiB ETA:5m52s]
[#101880 1.0GiB/1.0GiB(99%) CN:1 DL:22KiB ETA:6m35s]
[#101880 1.0GiB/1.0GiB(99%) CN:1 DL:23KiB ETA:6m20s]
[#101880 1.0GiB/1.0GiB(99%) CN:1 DL:19KiB ETA:7m37s]
[#101880 1.0GiB/1.0GiB(99%) CN:1 DL:16KiB ETA:8m55s]
[#101880 1.0GiB/1.0GiB(99%) CN:1 DL:14KiB ETA:10m12s]
[#101880 1.0GiB/1.0GiB(99%) CN:1 DL:13KiB ETA:11m30s]
[#101880 1.0GiB/1.0GiB(99%) CN:1 DL:7.4KiB ETA:19m59s]
[#101880 1.0GiB/1.0GiB(99%) CN:1 DL:3.7KiB ETA:39m59s]
[#101880 1.0GiB/1.0GiB(99%) CN:1 DL:2.4KiB ETA:59m59s]
[#101880 1.0GiB/1.0GiB(99%) CN:1 DL:1.8KiB ETA:1h20m]
[#101880 1.0GiB/1.0GiB(99%) CN:1 DL:1.4KiB ETA:1h40m2s]
[#101880 1.0GiB/1.0GiB(99%) CN:1 DL:2.2KiB ETA:1h5m14s]
[#101880 1.0GiB/1.0GiB(99%) CN:1 DL:1.9KiB ETA:1h15m2s]
[#101880 1.0GiB/1.0GiB(99%) CN:1 DL:1.7KiB ETA:1h24m52s]
[#101880 1.0GiB/1.0GiB(99%) CN:1 DL:1.5KiB ETA:1h34m40s]
[#101880 1.0GiB/1.0GiB(99%) CN:1 DL:1.5KiB ETA:1h36m2s]
[#101880 1.0GiB/1.0GiB(99%) CN:1 DL:3.7KiB ETA:40m9s]

Download Results:
gid   |stat|avg speed  |path/URI
======+====+===========+=======================================================
101880|OK  |   9.6MiB/s|/home/xi/tmp/plant_m6A_data/GSE174573/fastq/SRR14570274_2.fastq.gz.part

Status Legend:
(OK):download completed.
=== SRR14570274 fastp ===
=== SRR14570274 hisat2 ===
[bam_sort_core] merging from 2 files and 4 in-memory blocks...
=== SRR14570275 download ===
[#e7c269 6.9MiB/900MiB(0%) CN:16 DL:14MiB ETA:1m3s]
[#e7c269 28MiB/900MiB(3%) CN:16 DL:18MiB ETA:46s]
[#e7c269 51MiB/900MiB(5%) CN:16 DL:20MiB ETA:41s]
[#e7c269 68MiB/900MiB(7%) CN:16 DL:18MiB ETA:44s]
[#e7c269 89MiB/900MiB(9%) CN:16 DL:19MiB ETA:42s]
[#e7c269 112MiB/900MiB(12%) CN:16 DL:19MiB ETA:39s]
[#e7c269 134MiB/900MiB(14%) CN:16 DL:20MiB ETA:38s]
[#e7c269 158MiB/900MiB(17%) CN:16 DL:20MiB ETA:35s]
[#e7c269 182MiB/900MiB(20%) CN:16 DL:20MiB ETA:34s]
[#e7c269 200MiB/900MiB(22%) CN:16 DL:17MiB ETA:39s]
[#e7c269 220MiB/900MiB(24%) CN:16 DL:17MiB ETA:38s]
[#e7c269 238MiB/900MiB(26%) CN:16 DL:17MiB ETA:36s]
[#e7c269 261MiB/900MiB(29%) CN:16 DL:17MiB ETA:35s]
[#e7c269 283MiB/900MiB(31%) CN:16 DL:18MiB ETA:33s]
[#e7c269 307MiB/900MiB(34%) CN:16 DL:18MiB ETA:32s]
[#e7c269 329MiB/900MiB(36%) CN:16 DL:18MiB ETA:31s]
[#e7c269 352MiB/900MiB(39%) CN:16 DL:18MiB ETA:29s]
[#e7c269 376MiB/900MiB(41%) CN:16 DL:18MiB ETA:28s]
[#e7c269 396MiB/900MiB(43%) CN:16 DL:21MiB ETA:23s]
[#e7c269 413MiB/900MiB(45%) CN:16 DL:21MiB ETA:23s]
[#e7c269 436MiB/900MiB(48%) CN:16 DL:21MiB ETA:21s]
[#e7c269 459MiB/900MiB(51%) CN:16 DL:21MiB ETA:20s]
[#e7c269 484MiB/900MiB(53%) CN:16 DL:21MiB ETA:19s]
[#e7c269 509MiB/900MiB(56%) CN:16 DL:21MiB ETA:17s]
[#e7c269 529MiB/900MiB(58%) CN:16 DL:21MiB ETA:17s]
[#e7c269 542MiB/900MiB(60%) CN:16 DL:16MiB ETA:22s]
[#e7c269 553MiB/900MiB(61%) CN:16 DL:15MiB ETA:22s]
[#e7c269 570MiB/900MiB(63%) CN:16 DL:14MiB ETA:22s]
[#e7c269 586MiB/900MiB(65%) CN:16 DL:13MiB ETA:22s]
[#e7c269 611MiB/900MiB(67%) CN:16 DL:14MiB ETA:20s]
[#e7c269 631MiB/900MiB(70%) CN:16 DL:13MiB ETA:19s]
[#e7c269 657MiB/900MiB(73%) CN:16 DL:14MiB ETA:17s]
[#e7c269 679MiB/900MiB(75%) CN:16 DL:19MiB ETA:11s]
[#e7c269 704MiB/900MiB(78%) CN:16 DL:19MiB ETA:9s]
[#e7c269 729MiB/900MiB(81%) CN:16 DL:20MiB ETA:8s]
[#e7c269 751MiB/900MiB(83%) CN:15 DL:21MiB ETA:6s]
[#e7c269 767MiB/900MiB(85%) CN:15 DL:21MiB ETA:6s]
[#e7c269 788MiB/900MiB(87%) CN:14 DL:22MiB ETA:5s]
[#e7c269 810MiB/900MiB(89%) CN:13 DL:21MiB ETA:4s]
[#e7c269 833MiB/900MiB(92%) CN:11 DL:22MiB ETA:3s]
[#e7c269 857MiB/900MiB(95%) CN:9 DL:21MiB ETA:1s]
[#e7c269 879MiB/900MiB(97%) CN:3 DL:21MiB]
[#e7c269 889MiB/900MiB(98%) CN:1 DL:19MiB]
[#e7c269 889MiB/900MiB(98%) CN:1 DL:16MiB]
[#e7c269 889MiB/900MiB(98%) CN:1 DL:14MiB]
[#e7c269 889MiB/900MiB(98%) CN:1 DL:11MiB]
[#e7c269 889MiB/900MiB(98%) CN:1 DL:10MiB ETA:1s]
[#e7c269 889MiB/900MiB(98%) CN:1 DL:7.4MiB ETA:1s]
[#e7c269 889MiB/900MiB(98%) CN:1 DL:3.1MiB ETA:3s]
[#e7c269 889MiB/900MiB(98%) CN:1 DL:688KiB ETA:16s]
[#e7c269 889MiB/900MiB(98%) CN:1 DL:19KiB ETA:9m42s]
[#e7c269 889MiB/900MiB(98%) CN:1 DL:16KiB ETA:11m13s]
[#e7c269 889MiB/900MiB(98%) CN:1 DL:14KiB ETA:12m44s]
[#e7c269 889MiB/900MiB(98%) CN:1 DL:13KiB ETA:14m15s]
 *** Download Progress Summary as of Thu Sep 10 16:52:19 2026 *** 
===============================================================================
[#e7c269 889MiB/900MiB(98%) CN:1 DL:5.5KiB ETA:34m]
FILE: /home/xi/tmp/plant_m6A_data/GSE174573/fastq/SRR14570275_1.fastq.gz.part
-------------------------------------------------------------------------------

[#e7c269 889MiB/900MiB(98%) CN:1 DL:5.5KiB ETA:34m]
[#e7c269 889MiB/900MiB(98%) CN:1 DL:4.8KiB ETA:39m4s]
[#e7c269 889MiB/900MiB(98%) CN:1 DL:4.3KiB ETA:43m55s]
[#e7c269 889MiB/900MiB(98%) CN:1 DL:0B]
[#e7c269 889MiB/900MiB(98%) CN:1 DL:0B]
[#e7c269 889MiB/900MiB(98%) CN:1 DL:0B]
[#e7c269 889MiB/900MiB(98%) CN:1 DL:0B]
[#e7c269 889MiB/900MiB(98%) CN:1 DL:0B]
[#e7c269 889MiB/900MiB(98%) CN:1 DL:0B]
[#e7c269 889MiB/900MiB(98%) CN:1 DL:0B]
[#e7c269 889MiB/900MiB(98%) CN:1 DL:0B]
[#e7c269 889MiB/900MiB(98%) CN:1 DL:0B]
[#e7c269 889MiB/900MiB(98%) CN:1 DL:0B]
[#e7c269 889MiB/900MiB(98%) CN:1 DL:0B]
[#e7c269 889MiB/900MiB(98%) CN:1 DL:0B]
[#e7c269 889MiB/900MiB(98%) CN:1 DL:0B]
[#e7c269 889MiB/900MiB(98%) CN:1 DL:0B]
[#e7c269 889MiB/900MiB(98%) CN:1 DL:0B]
[#e7c269 889MiB/900MiB(98%) CN:1 DL:0B]
[#e7c269 889MiB/900MiB(98%) CN:1 DL:0B]
[#e7c269 889MiB/900MiB(98%) CN:1 DL:0B]
[#e7c269 889MiB/900MiB(98%) CN:1 DL:0B]
[#e7c269 889MiB/900MiB(98%) CN:1 DL:0B]
[#e7c269 889MiB/900MiB(98%) CN:1 DL:0B]
[#e7c269 889MiB/900MiB(98%) CN:1 DL:0B]
[#e7c269 889MiB/900MiB(98%) CN:1 DL:0B]
[#e7c269 889MiB/900MiB(98%) CN:1 DL:0B]
[#e7c269 889MiB/900MiB(98%) CN:1 DL:0B]
[#e7c269 889MiB/900MiB(98%) CN:1 DL:0B]
[#e7c269 889MiB/900MiB(98%) CN:1 DL:0B]
[#e7c269 889MiB/900MiB(98%) CN:1 DL:0B]
[#e7c269 889MiB/900MiB(98%) CN:1 DL:0B]
[#e7c269 889MiB/900MiB(98%) CN:1 DL:0B]
[#e7c269 889MiB/900MiB(98%) CN:1 DL:0B]
[#e7c269 889MiB/900MiB(98%) CN:1 DL:0B]
[#e7c269 889MiB/900MiB(98%) CN:1 DL:0B]
[#e7c269 889MiB/900MiB(98%) CN:1 DL:14KiB ETA:12m37s]
[#e7c269 889MiB/900MiB(98%) CN:1 DL:7.5KiB ETA:24m57s]
[#e7c269 889MiB/900MiB(98%) CN:1 DL:5.0KiB ETA:37m18s]
[#e7c269 889MiB/900MiB(98%) CN:1 DL:3.8KiB ETA:49m38s]
[#e7c269 889MiB/900MiB(98%) CN:1 DL:4.1KiB ETA:45m43s]
[#e7c269 889MiB/900MiB(98%) CN:1 DL:3.4KiB ETA:53m53s]
[#e7c269 889MiB/900MiB(98%) CN:1 DL:3.0KiB ETA:1h2m3s]
[#e7c269 889MiB/900MiB(98%) CN:1 DL:2.6KiB ETA:1h10m13s]
[#e7c269 889MiB/900MiB(98%) CN:1 DL:2.4KiB ETA:1h18m22s]
[#e7c269 889MiB/900MiB(98%) CN:1 DL:1.2KiB ETA:2h25m2s]
[#e7c269 889MiB/900MiB(98%) CN:1 DL:2.1KiB ETA:1h27m4s]
[#e7c269 895MiB/900MiB(99%) CN:1 DL:767KiB ETA:6s]

Download Results:
gid   |stat|avg speed  |path/URI
======+====+===========+=======================================================
e7c269|OK  |   8.3MiB/s|/home/xi/tmp/plant_m6A_data/GSE174573/fastq/SRR14570275_1.fastq.gz.part

Status Legend:
(OK):download completed.
[#c8cdcd 0B/0B CN:1 DL:0B]
[#c8cdcd 0B/0B CN:1 DL:0B]
[#c8cdcd 0B/0B CN:1 DL:0B]
[#c8cdcd 320KiB/0.9GiB(0%) CN:16 DL:3.3MiB ETA:4m41s]
[#c8cdcd 9.9MiB/0.9GiB(1%) CN:16 DL:9.1MiB ETA:1m41s]
[#c8cdcd 20MiB/0.9GiB(2%) CN:16 DL:9.7MiB ETA:1m33s]
[#c8cdcd 31MiB/0.9GiB(3%) CN:16 DL:10MiB ETA:1m27s]
[#c8cdcd 45MiB/0.9GiB(4%) CN:16 DL:11MiB ETA:1m19s]
[#c8cdcd 63MiB/0.9GiB(6%) CN:16 DL:12MiB ETA:1m9s]
[#c8cdcd 86MiB/0.9GiB(9%) CN:16 DL:14MiB ETA:1m]
[#c8cdcd 102MiB/0.9GiB(10%) CN:16 DL:14MiB ETA:58s]
[#c8cdcd 125MiB/0.9GiB(13%) CN:16 DL:15MiB ETA:53s]
[#c8cdcd 149MiB/0.9GiB(16%) CN:16 DL:16MiB ETA:48s]
[#c8cdcd 170MiB/0.9GiB(18%) CN:16 DL:17MiB ETA:43s]
[#c8cdcd 195MiB/0.9GiB(20%) CN:16 DL:18MiB ETA:38s]
[#c8cdcd 217MiB/0.9GiB(23%) CN:16 DL:20MiB ETA:35s]
[#c8cdcd 238MiB/0.9GiB(25%) CN:16 DL:21MiB ETA:32s]
[#c8cdcd 261MiB/0.9GiB(28%) CN:16 DL:21MiB ETA:31s]
[#c8cdcd 278MiB/0.9GiB(29%) CN:16 DL:21MiB ETA:31s]
[#c8cdcd 298MiB/0.9GiB(32%) CN:16 DL:21MiB ETA:29s]
[#c8cdcd 301MiB/0.9GiB(32%) CN:16 DL:17MiB ETA:36s]
[#c8cdcd 316MiB/0.9GiB(33%) CN:16 DL:16MiB ETA:38s]
[#c8cdcd 338MiB/0.9GiB(36%) CN:16 DL:16MiB ETA:36s]
[#c8cdcd 363MiB/0.9GiB(38%) CN:16 DL:16MiB ETA:35s]
[#c8cdcd 384MiB/0.9GiB(41%) CN:16 DL:16MiB ETA:33s]
[#c8cdcd 404MiB/0.9GiB(43%) CN:16 DL:15MiB ETA:33s]
[#c8cdcd 426MiB/0.9GiB(45%) CN:16 DL:16MiB ETA:31s]
[#c8cdcd 449MiB/0.9GiB(48%) CN:16 DL:16MiB ETA:29s]
[#c8cdcd 471MiB/0.9GiB(50%) CN:16 DL:20MiB ETA:22s]
[#c8cdcd 494MiB/0.9GiB(53%) CN:16 DL:21MiB ETA:20s]
[#c8cdcd 516MiB/0.9GiB(55%) CN:16 DL:22MiB ETA:18s]
[#c8cdcd 539MiB/0.9GiB(57%) CN:16 DL:22MiB ETA:17s]
[#c8cdcd 563MiB/0.9GiB(60%) CN:16 DL:22MiB ETA:16s]
[#c8cdcd 582MiB/0.9GiB(62%) CN:16 DL:21MiB ETA:16s]
[#c8cdcd 598MiB/0.9GiB(64%) CN:16 DL:21MiB ETA:15s]
[#c8cdcd 620MiB/0.9GiB(66%) CN:16 DL:21MiB ETA:14s]
[#c8cdcd 644MiB/0.9GiB(69%) CN:16 DL:21MiB ETA:13s]
[#c8cdcd 667MiB/0.9GiB(71%) CN:16 DL:21MiB ETA:12s]
[#c8cdcd 690MiB/0.9GiB(74%) CN:16 DL:21MiB ETA:11s]
[#c8cdcd 703MiB/0.9GiB(75%) CN:16 DL:13MiB ETA:16s]
[#c8cdcd 725MiB/0.9GiB(77%) CN:16 DL:14MiB ETA:14s]
[#c8cdcd 750MiB/0.9GiB(80%) CN:16 DL:15MiB ETA:12s]
[#c8cdcd 773MiB/0.9GiB(82%) CN:16 DL:15MiB ETA:10s]
[#c8cdcd 795MiB/0.9GiB(85%) CN:16 DL:15MiB ETA:9s]
[#c8cdcd 820MiB/0.9GiB(87%) CN:16 DL:15MiB ETA:7s]
[#c8cdcd 844MiB/0.9GiB(90%) CN:16 DL:15MiB ETA:5s]
[#c8cdcd 866MiB/0.9GiB(92%) CN:14 DL:22MiB ETA:2s]
[#c8cdcd 891MiB/0.9GiB(95%) CN:12 DL:23MiB ETA:1s]
[#c8cdcd 911MiB/0.9GiB(97%) CN:9 DL:22MiB]
[#c8cdcd 0.9GiB/0.9GiB(99%) CN:6 DL:22MiB]
[#c8cdcd 0.9GiB/0.9GiB(99%) CN:3 DL:19MiB]
[#c8cdcd 0.9GiB/0.9GiB(99%) CN:2 DL:16MiB]
[#c8cdcd 0.9GiB/0.9GiB(99%) CN:1 DL:13MiB]
[#c8cdcd 0.9GiB/0.9GiB(99%) CN:1 DL:9.2MiB]
 *** Download Progress Summary as of Thu Sep 10 16:54:24 2026 *** 
===============================================================================
[#c8cdcd 0.9GiB/0.9GiB(99%) CN:1 DL:6.9MiB]
FILE: /home/xi/tmp/plant_m6A_data/GSE174573/fastq/SRR14570275_2.fastq.gz.part
-------------------------------------------------------------------------------

[#c8cdcd 0.9GiB/0.9GiB(99%) CN:1 DL:6.9MiB]
[#c8cdcd 0.9GiB/0.9GiB(99%) CN:1 DL:2.1MiB]

Download Results:
gid   |stat|avg speed  |path/URI
======+====+===========+=======================================================
c8cdcd|OK  |    15MiB/s|/home/xi/tmp/plant_m6A_data/GSE174573/fastq/SRR14570275_2.fastq.gz.part

Status Legend:
(OK):download completed.
=== SRR14570275 fastp ===
=== SRR14570275 hisat2 ===
[bam_sort_core] merging from 1 files and 4 in-memory blocks...
=== SRR14570276 download ===
[#6418e6 0B/0B CN:1 DL:0B]
[#6418e6 0B/0B CN:1 DL:0B]
[#6418e6 0B/0B CN:1 DL:0B]
[#6418e6 0B/0B CN:1 DL:0B]
[#6418e6 0B/0B CN:1 DL:0B]
[#6418e6 2.1MiB/830MiB(0%) CN:16 DL:8.0MiB ETA:1m42s]
[#6418e6 26MiB/830MiB(3%) CN:16 DL:20MiB ETA:39s]
[#6418e6 41MiB/830MiB(4%) CN:16 DL:18MiB ETA:43s]
[#6418e6 60MiB/830MiB(7%) CN:16 DL:18MiB ETA:42s]
[#6418e6 82MiB/830MiB(9%) CN:16 DL:19MiB ETA:39s]
[#6418e6 99MiB/830MiB(11%) CN:16 DL:17MiB ETA:42s]
[#6418e6 121MiB/830MiB(14%) CN:16 DL:17MiB ETA:39s]
[#6418e6 147MiB/830MiB(17%) CN:16 DL:18MiB ETA:36s]
[#6418e6 169MiB/830MiB(20%) CN:16 DL:19MiB ETA:34s]
[#6418e6 193MiB/830MiB(23%) CN:16 DL:19MiB ETA:32s]
[#6418e6 216MiB/830MiB(26%) CN:16 DL:20MiB ETA:30s]
[#6418e6 238MiB/830MiB(28%) CN:16 DL:20MiB ETA:28s]
[#6418e6 256MiB/830MiB(30%) CN:16 DL:20MiB ETA:28s]
[#6418e6 277MiB/830MiB(33%) CN:16 DL:20MiB ETA:27s]
[#6418e6 301MiB/830MiB(36%) CN:16 DL:21MiB ETA:24s]
[#6418e6 324MiB/830MiB(39%) CN:16 DL:21MiB ETA:23s]
[#6418e6 349MiB/830MiB(42%) CN:16 DL:21MiB ETA:22s]
[#6418e6 369MiB/830MiB(44%) CN:16 DL:21MiB ETA:21s]
[#6418e6 393MiB/830MiB(47%) CN:16 DL:21MiB ETA:20s]
[#6418e6 414MiB/830MiB(49%) CN:16 DL:21MiB ETA:19s]
[#6418e6 423MiB/830MiB(50%) CN:16 DL:17MiB ETA:23s]
[#6418e6 442MiB/830MiB(53%) CN:16 DL:16MiB ETA:23s]
[#6418e6 462MiB/830MiB(55%) CN:16 DL:16MiB ETA:22s]
[#6418e6 487MiB/830MiB(58%) CN:16 DL:16MiB ETA:20s]
[#6418e6 508MiB/830MiB(61%) CN:16 DL:16MiB ETA:19s]
[#6418e6 531MiB/830MiB(63%) CN:16 DL:16MiB ETA:18s]
[#6418e6 555MiB/830MiB(66%) CN:16 DL:16MiB ETA:16s]
[#6418e6 577MiB/830MiB(69%) CN:16 DL:16MiB ETA:15s]
[#6418e6 601MiB/830MiB(72%) CN:16 DL:22MiB ETA:10s]
[#6418e6 624MiB/830MiB(75%) CN:16 DL:22MiB ETA:9s]
[#6418e6 642MiB/830MiB(77%) CN:16 DL:21MiB ETA:8s]
[#6418e6 664MiB/830MiB(79%) CN:16 DL:22MiB ETA:7s]
[#6418e6 684MiB/830MiB(82%) CN:16 DL:21MiB ETA:6s]
[#6418e6 704MiB/830MiB(84%) CN:16 DL:19MiB ETA:6s]
[#6418e6 727MiB/830MiB(87%) CN:15 DL:19MiB ETA:5s]
[#6418e6 750MiB/830MiB(90%) CN:13 DL:18MiB ETA:4s]
[#6418e6 775MiB/830MiB(93%) CN:11 DL:19MiB ETA:2s]
[#6418e6 797MiB/830MiB(96%) CN:10 DL:19MiB ETA:1s]
[#6418e6 815MiB/830MiB(98%) CN:7 DL:18MiB]
[#6418e6 826MiB/830MiB(99%) CN:2 DL:17MiB]

Download Results:
gid   |stat|avg speed  |path/URI
======+====+===========+=======================================================
6418e6|OK  |    18MiB/s|/home/xi/tmp/plant_m6A_data/GSE174573/fastq/SRR14570276_1.fastq.gz.part

Status Legend:
(OK):download completed.
[#6cbc8e 0B/0B CN:1 DL:0B]
[#6cbc8e 0B/0B CN:1 DL:0B]
[#6cbc8e 0B/0B CN:1 DL:0B]
[#6cbc8e 0B/0B CN:1 DL:0B]
[#6cbc8e 0B/0B CN:1 DL:0B]
[#6cbc8e 4.0MiB/860MiB(0%) CN:16 DL:4.2MiB ETA:3m22s]
[#6cbc8e 8.7MiB/860MiB(1%) CN:16 DL:4.4MiB ETA:3m9s]
[#6cbc8e 14MiB/860MiB(1%) CN:16 DL:4.8MiB ETA:2m53s]
[#6cbc8e 18MiB/860MiB(2%) CN:16 DL:4.7MiB ETA:2m59s]
[#6cbc8e 25MiB/860MiB(2%) CN:16 DL:5.0MiB ETA:2m43s]
[#6cbc8e 49MiB/860MiB(5%) CN:16 DL:8.2MiB ETA:1m38s]
[#6cbc8e 74MiB/860MiB(8%) CN:16 DL:10MiB ETA:1m14s]
[#6cbc8e 96MiB/860MiB(11%) CN:16 DL:11MiB ETA:1m3s]
[#6cbc8e 113MiB/860MiB(13%) CN:16 DL:12MiB ETA:1m]
[#6cbc8e 118MiB/860MiB(13%) CN:16 DL:12MiB ETA:59s]
[#6cbc8e 140MiB/860MiB(16%) CN:16 DL:14MiB ETA:50s]
[#6cbc8e 161MiB/860MiB(18%) CN:16 DL:16MiB ETA:43s]
[#6cbc8e 184MiB/860MiB(21%) CN:16 DL:18MiB ETA:36s]
[#6cbc8e 209MiB/860MiB(24%) CN:16 DL:19MiB ETA:32s]
[#6cbc8e 230MiB/860MiB(26%) CN:16 DL:20MiB ETA:31s]
[#6cbc8e 254MiB/860MiB(29%) CN:16 DL:19MiB ETA:30s]
[#6cbc8e 277MiB/860MiB(32%) CN:16 DL:19MiB ETA:29s]
[#6cbc8e 295MiB/860MiB(34%) CN:16 DL:19MiB ETA:28s]
[#6cbc8e 313MiB/860MiB(36%) CN:16 DL:21MiB ETA:25s]
[#6cbc8e 337MiB/860MiB(39%) CN:16 DL:21MiB ETA:23s]
[#6cbc8e 358MiB/860MiB(41%) CN:16 DL:21MiB ETA:23s]
[#6cbc8e 383MiB/860MiB(44%) CN:16 DL:21MiB ETA:21s]
[#6cbc8e 405MiB/860MiB(47%) CN:16 DL:21MiB ETA:20s]
[#6cbc8e 412MiB/860MiB(47%) CN:16 DL:16MiB ETA:26s]
[#6cbc8e 428MiB/860MiB(49%) CN:16 DL:15MiB ETA:27s]
[#6cbc8e 449MiB/860MiB(52%) CN:16 DL:16MiB ETA:25s]
[#6cbc8e 467MiB/860MiB(54%) CN:16 DL:16MiB ETA:24s]
[#6cbc8e 487MiB/860MiB(56%) CN:16 DL:15MiB ETA:23s]
[#6cbc8e 510MiB/860MiB(59%) CN:16 DL:15MiB ETA:22s]
[#6cbc8e 535MiB/860MiB(62%) CN:16 DL:15MiB ETA:20s]
[#6cbc8e 557MiB/860MiB(64%) CN:16 DL:15MiB ETA:19s]
[#6cbc8e 583MiB/860MiB(67%) CN:16 DL:21MiB ETA:13s]
[#6cbc8e 605MiB/860MiB(70%) CN:16 DL:21MiB ETA:12s]
[#6cbc8e 630MiB/860MiB(73%) CN:16 DL:22MiB ETA:10s]
[#6cbc8e 655MiB/860MiB(76%) CN:16 DL:22MiB ETA:9s]
[#6cbc8e 675MiB/860MiB(78%) CN:16 DL:22MiB ETA:8s]
[#6cbc8e 691MiB/860MiB(80%) CN:16 DL:22MiB ETA:7s]
[#6cbc8e 715MiB/860MiB(83%) CN:16 DL:22MiB ETA:6s]
[#6cbc8e 738MiB/860MiB(85%) CN:15 DL:22MiB ETA:5s]
[#6cbc8e 762MiB/860MiB(88%) CN:15 DL:22MiB ETA:4s]
[#6cbc8e 785MiB/860MiB(91%) CN:15 DL:22MiB ETA:3s]
[#6cbc8e 807MiB/860MiB(93%) CN:12 DL:22MiB ETA:2s]
[#6cbc8e 831MiB/860MiB(96%) CN:11 DL:17MiB ETA:1s]
[#6cbc8e 832MiB/860MiB(96%) CN:11 DL:14MiB ETA:1s]
[#6cbc8e 852MiB/860MiB(99%) CN:5 DL:14MiB]
[#6cbc8e 854MiB/860MiB(99%) CN:4 DL:11MiB]
[#6cbc8e 854MiB/860MiB(99%) CN:4 DL:9.5MiB]
[#6cbc8e 854MiB/860MiB(99%) CN:4 DL:6.8MiB]
[#6cbc8e 855MiB/860MiB(99%) CN:3 DL:4.5MiB ETA:1s]
[#6cbc8e 860MiB/860MiB(99%) CN:1 DL:3.9MiB]

Download Results:
gid   |stat|avg speed  |path/URI
======+====+===========+=======================================================
6cbc8e|OK  |    15MiB/s|/home/xi/tmp/plant_m6A_data/GSE174573/fastq/SRR14570276_2.fastq.gz.part

Status Legend:
(OK):download completed.
=== SRR14570276 fastp ===
=== SRR14570276 hisat2 ===
[bam_sort_core] merging from 1 files and 4 in-memory blocks...
=== SRR14570277 download ===
[#59d09a 3.2MiB/733MiB(0%) CN:16 DL:9.1MiB ETA:1m19s]
[#59d09a 23MiB/733MiB(3%) CN:16 DL:17MiB ETA:41s]
[#59d09a 41MiB/733MiB(5%) CN:16 DL:17MiB ETA:40s]
[#59d09a 62MiB/733MiB(8%) CN:16 DL:18MiB ETA:36s]
[#59d09a 86MiB/733MiB(11%) CN:16 DL:19MiB ETA:33s]
[#59d09a 110MiB/733MiB(15%) CN:16 DL:20MiB ETA:30s]
[#59d09a 126MiB/733MiB(17%) CN:16 DL:17MiB ETA:33s]
[#59d09a 149MiB/733MiB(20%) CN:16 DL:18MiB ETA:31s]
[#59d09a 173MiB/733MiB(23%) CN:16 DL:19MiB ETA:29s]
[#59d09a 193MiB/733MiB(26%) CN:16 DL:19MiB ETA:27s]
[#59d09a 211MiB/733MiB(28%) CN:16 DL:19MiB ETA:26s]
[#59d09a 234MiB/733MiB(31%) CN:16 DL:19MiB ETA:25s]
[#59d09a 257MiB/733MiB(35%) CN:16 DL:19MiB ETA:23s]
[#59d09a 278MiB/733MiB(37%) CN:16 DL:19MiB ETA:23s]
[#59d09a 301MiB/733MiB(41%) CN:16 DL:19MiB ETA:21s]
[#59d09a 324MiB/733MiB(44%) CN:16 DL:21MiB ETA:18s]
[#59d09a 348MiB/733MiB(47%) CN:16 DL:22MiB ETA:17s]
[#59d09a 371MiB/733MiB(50%) CN:16 DL:21MiB ETA:16s]
[#59d09a 390MiB/733MiB(53%) CN:16 DL:21MiB ETA:15s]
[#59d09a 407MiB/733MiB(55%) CN:16 DL:21MiB ETA:15s]
[#59d09a 411MiB/733MiB(56%) CN:16 DL:18MiB ETA:17s]
[#59d09a 412MiB/733MiB(56%) CN:16 DL:15MiB ETA:20s]
[#59d09a 435MiB/733MiB(59%) CN:16 DL:15MiB ETA:18s]
[#59d09a 459MiB/733MiB(62%) CN:16 DL:15MiB ETA:17s]
[#59d09a 482MiB/733MiB(65%) CN:16 DL:15MiB ETA:15s]
[#59d09a 506MiB/733MiB(69%) CN:16 DL:15MiB ETA:14s]
[#59d09a 528MiB/733MiB(71%) CN:16 DL:15MiB ETA:12s]
[#59d09a 551MiB/733MiB(75%) CN:16 DL:16MiB ETA:11s]
[#59d09a 570MiB/733MiB(77%) CN:16 DL:19MiB ETA:8s]
[#59d09a 587MiB/733MiB(80%) CN:16 DL:18MiB ETA:7s]
[#59d09a 612MiB/733MiB(83%) CN:16 DL:22MiB ETA:5s]
[#59d09a 635MiB/733MiB(86%) CN:16 DL:21MiB ETA:4s]
[#59d09a 660MiB/733MiB(90%) CN:15 DL:22MiB ETA:3s]
[#59d09a 682MiB/733MiB(92%) CN:15 DL:21MiB ETA:2s]
[#59d09a 709MiB/733MiB(96%) CN:14 DL:22MiB ETA:1s]
[#59d09a 728MiB/733MiB(99%) CN:2 DL:21MiB]

Download Results:
gid   |stat|avg speed  |path/URI
======+====+===========+=======================================================
59d09a|OK  |    19MiB/s|/home/xi/tmp/plant_m6A_data/GSE174573/fastq/SRR14570277_1.fastq.gz.part

Status Legend:
(OK):download completed.
[#b4cad3 0B/0B CN:1 DL:0B]
[#b4cad3 0B/0B CN:1 DL:0B]
[#b4cad3 0B/0B CN:1 DL:0B]
[#b4cad3 15MiB/755MiB(2%) CN:16 DL:19MiB ETA:37s]
[#b4cad3 37MiB/755MiB(4%) CN:16 DL:21MiB ETA:33s]
[#b4cad3 57MiB/755MiB(7%) CN:16 DL:20MiB ETA:34s]
[#b4cad3 75MiB/755MiB(10%) CN:16 DL:20MiB ETA:33s]
[#b4cad3 96MiB/755MiB(12%) CN:16 DL:20MiB ETA:32s]
[#b4cad3 114MiB/755MiB(15%) CN:16 DL:18MiB ETA:34s]
[#b4cad3 129MiB/755MiB(17%) CN:16 DL:18MiB ETA:34s]
[#b4cad3 152MiB/755MiB(20%) CN:16 DL:18MiB ETA:32s]
[#b4cad3 176MiB/755MiB(23%) CN:16 DL:19MiB ETA:30s]
[#b4cad3 200MiB/755MiB(26%) CN:16 DL:19MiB ETA:28s]
[#b4cad3 221MiB/755MiB(29%) CN:16 DL:19MiB ETA:27s]
[#b4cad3 243MiB/755MiB(32%) CN:16 DL:20MiB ETA:25s]
[#b4cad3 262MiB/755MiB(34%) CN:16 DL:20MiB ETA:24s]
[#b4cad3 280MiB/755MiB(37%) CN:16 DL:19MiB ETA:24s]
[#b4cad3 301MiB/755MiB(39%) CN:16 DL:21MiB ETA:21s]
[#b4cad3 326MiB/755MiB(43%) CN:16 DL:21MiB ETA:19s]
[#b4cad3 347MiB/755MiB(45%) CN:16 DL:21MiB ETA:18s]
[#b4cad3 372MiB/755MiB(49%) CN:16 DL:21MiB ETA:17s]
[#b4cad3 394MiB/755MiB(52%) CN:16 DL:21MiB ETA:16s]
[#b4cad3 416MiB/755MiB(55%) CN:16 DL:21MiB ETA:15s]
[#b4cad3 433MiB/755MiB(57%) CN:16 DL:15MiB ETA:20s]
[#b4cad3 452MiB/755MiB(59%) CN:16 DL:15MiB ETA:20s]
[#b4cad3 473MiB/755MiB(62%) CN:16 DL:14MiB ETA:19s]
[#b4cad3 493MiB/755MiB(65%) CN:16 DL:14MiB ETA:18s]
[#b4cad3 516MiB/755MiB(68%) CN:16 DL:14MiB ETA:16s]
[#b4cad3 541MiB/755MiB(71%) CN:16 DL:14MiB ETA:14s]
[#b4cad3 564MiB/755MiB(74%) CN:16 DL:14MiB ETA:13s]
[#b4cad3 588MiB/755MiB(77%) CN:16 DL:21MiB ETA:7s]
[#b4cad3 609MiB/755MiB(80%) CN:16 DL:21MiB ETA:6s]
[#b4cad3 635MiB/755MiB(84%) CN:16 DL:21MiB ETA:5s]
[#b4cad3 654MiB/755MiB(86%) CN:15 DL:21MiB ETA:4s]
[#b4cad3 673MiB/755MiB(89%) CN:14 DL:21MiB ETA:3s]
[#b4cad3 696MiB/755MiB(92%) CN:12 DL:21MiB ETA:2s]
[#b4cad3 720MiB/755MiB(95%) CN:12 DL:22MiB ETA:1s]
[#b4cad3 746MiB/755MiB(98%) CN:7 DL:22MiB]
[#b4cad3 754MiB/755MiB(99%) CN:5 DL:19MiB]
[#b4cad3 754MiB/755MiB(99%) CN:5 DL:17MiB]
[#b4cad3 755MiB/755MiB(99%) CN:3 DL:14MiB]
[#b4cad3 755MiB/755MiB(99%) CN:1 DL:6.3MiB]
[#b4cad3 755MiB/755MiB(99%) CN:1 DL:3.7MiB]
[#b4cad3 755MiB/755MiB(99%) CN:1 DL:1.0MiB]
[#b4cad3 755MiB/755MiB(99%) CN:1 DL:84KiB ETA:2s]
[#b4cad3 755MiB/755MiB(99%) CN:1 DL:75KiB ETA:2s]
[#b4cad3 755MiB/755MiB(99%) CN:1 DL:41KiB ETA:4s]
[#b4cad3 755MiB/755MiB(99%) CN:1 DL:37KiB ETA:4s]
[#b4cad3 755MiB/755MiB(99%) CN:1 DL:1.5KiB ETA:1m52s]
[#b4cad3 755MiB/755MiB(99%) CN:1 DL:2.4KiB ETA:1m12s]
[#b4cad3 755MiB/755MiB(99%) CN:1 DL:2.1KiB ETA:1m23s]
[#b4cad3 755MiB/755MiB(99%) CN:1 DL:1.8KiB ETA:1m35s]
 *** Download Progress Summary as of Thu Sep 10 17:08:32 2026 *** 
===============================================================================
[#b4cad3 755MiB/755MiB(99%) CN:1 DL:1.6KiB ETA:1m46s]
FILE: /home/xi/tmp/plant_m6A_data/GSE174573/fastq/SRR14570277_2.fastq.gz.part
-------------------------------------------------------------------------------

[#b4cad3 755MiB/755MiB(99%) CN:1 DL:1.6KiB ETA:1m46s]
[#b4cad3 755MiB/755MiB(99%) CN:1 DL:1.4KiB ETA:1m58s]
[#b4cad3 755MiB/755MiB(99%) CN:1 DL:1.2KiB ETA:2m22s]
[#b4cad3 755MiB/755MiB(99%) CN:1 DL:1.0KiB ETA:2m45s]
[#b4cad3 755MiB/755MiB(99%) CN:1 DL:0.9KiB ETA:3m9s]
[#b4cad3 755MiB/755MiB(99%) CN:1 DL:848B ETA:3m32s]
[#b4cad3 755MiB/755MiB(99%) CN:1 DL:0B]
[#b4cad3 755MiB/755MiB(99%) CN:1 DL:7.4KiB ETA:23s]
[#b4cad3 755MiB/755MiB(99%) CN:1 DL:3.7KiB ETA:46s]
[#b4cad3 755MiB/755MiB(99%) CN:1 DL:2.4KiB ETA:1m10s]
[#b4cad3 755MiB/755MiB(99%) CN:1 DL:1.8KiB ETA:1m33s]
[#b4cad3 755MiB/755MiB(99%) CN:1 DL:1.4KiB ETA:1m57s]
[#b4cad3 755MiB/755MiB(99%) CN:1 DL:6.2KiB ETA:23s]
[#b4cad3 755MiB/755MiB(99%) CN:1 DL:5.3KiB ETA:26s]
[#b4cad3 755MiB/755MiB(99%) CN:1 DL:4.7KiB ETA:30s]
[#b4cad3 755MiB/755MiB(99%) CN:1 DL:4.2KiB ETA:34s]
[#b4cad3 755MiB/755MiB(99%) CN:1 DL:6.2KiB ETA:23s]
[#b4cad3 755MiB/755MiB(99%) CN:1 DL:13KiB ETA:6s]
[#b4cad3 755MiB/755MiB(99%) CN:1 DL:11KiB ETA:7s]
[#b4cad3 755MiB/755MiB(99%) CN:1 DL:10KiB ETA:7s]
[#b4cad3 755MiB/755MiB(99%) CN:1 DL:8.9KiB ETA:8s]
[#b4cad3 755MiB/755MiB(99%) CN:1 DL:10KiB ETA:7s]
[#b4cad3 755MiB/755MiB(99%) CN:1 DL:8.5KiB ETA:9s]
[#b4cad3 755MiB/755MiB(99%) CN:1 DL:7.3KiB ETA:10s]
[#b4cad3 755MiB/755MiB(99%) CN:1 DL:6.4KiB ETA:12s]
[#b4cad3 755MiB/755MiB(99%) CN:1 DL:5.8KiB ETA:13s]
[#b4cad3 755MiB/755MiB(99%) CN:1 DL:0B]
[#b4cad3 755MiB/755MiB(99%) CN:1 DL:7.4KiB ETA:10s]
[#b4cad3 755MiB/755MiB(99%) CN:1 DL:3.7KiB ETA:21s]
[#b4cad3 755MiB/755MiB(99%) CN:1 DL:2.4KiB ETA:32s]
[#b4cad3 755MiB/755MiB(99%) CN:1 DL:1.8KiB ETA:42s]
[#b4cad3 755MiB/755MiB(99%) CN:1 DL:1.4KiB ETA:53s]
[#b4cad3 755MiB/755MiB(99%) CN:1 DL:1.2KiB ETA:1m4s]
[#b4cad3 755MiB/755MiB(99%) CN:1 DL:1.0KiB ETA:1m14s]
[#b4cad3 755MiB/755MiB(99%) CN:1 DL:1.7KiB ETA:37s]
[#b4cad3 755MiB/755MiB(99%) CN:1 DL:1.5KiB ETA:41s]
[#b4cad3 755MiB/755MiB(99%) CN:1 DL:2.6KiB ETA:24s]
[#b4cad3 755MiB/755MiB(99%) CN:1 DL:3.7KiB ETA:16s]
[#b4cad3 755MiB/755MiB(99%) CN:1 DL:3.0KiB ETA:21s]
[#b4cad3 755MiB/755MiB(99%) CN:1 DL:3.7KiB ETA:12s]
[#b4cad3 755MiB/755MiB(99%) CN:1 DL:3.2KiB ETA:14s]
[#b4cad3 755MiB/755MiB(99%) CN:1 DL:2.8KiB ETA:16s]
[#b4cad3 755MiB/755MiB(99%) CN:1 DL:2.5KiB ETA:19s]
[#b4cad3 755MiB/755MiB(99%) CN:1 DL:2.9KiB ETA:16s]
[#b4cad3 755MiB/755MiB(99%) CN:1 DL:2.6KiB ETA:18s]
[#b4cad3 755MiB/755MiB(99%) CN:1 DL:2.3KiB ETA:20s]
[#b4cad3 755MiB/755MiB(99%) CN:1 DL:1.7KiB ETA:27s]
[#b4cad3 755MiB/755MiB(99%) CN:1 DL:1.5KiB ETA:30s]
[#b4cad3 755MiB/755MiB(99%) CN:1 DL:1.2KiB ETA:37s]
[#b4cad3 755MiB/755MiB(99%) CN:1 DL:1.1KiB ETA:43s]
[#b4cad3 755MiB/755MiB(99%) CN:1 DL:0.9KiB ETA:49s]
[#b4cad3 755MiB/755MiB(99%) CN:1 DL:882B ETA:55s]
[#b4cad3 755MiB/755MiB(99%) CN:1 DL:0B]
[#b4cad3 755MiB/755MiB(99%) CN:1 DL:7.4KiB ETA:4s]
[#b4cad3 755MiB/755MiB(99%) CN:1 DL:3.7KiB ETA:8s]
[#b4cad3 755MiB/755MiB(99%) CN:1 DL:2.4KiB ETA:12s]
[#b4cad3 755MiB/755MiB(99%) CN:1 DL:1.8KiB ETA:17s]
 *** Download Progress Summary as of Thu Sep 10 17:09:32 2026 *** 
===============================================================================
[#b4cad3 755MiB/755MiB(99%) CN:1 DL:1.4KiB ETA:21s]
FILE: /home/xi/tmp/plant_m6A_data/GSE174573/fastq/SRR14570277_2.fastq.gz.part
-------------------------------------------------------------------------------

[#b4cad3 755MiB/755MiB(99%) CN:1 DL:1.4KiB ETA:21s]
[#b4cad3 755MiB/755MiB(99%) CN:1 DL:1.2KiB ETA:25s]
[#b4cad3 755MiB/755MiB(99%) CN:1 DL:1.0KiB ETA:30s]
[#b4cad3 755MiB/755MiB(99%) CN:1 DL:0.9KiB ETA:34s]
[#b4cad3 755MiB/755MiB(99%) CN:1 DL:850B ETA:38s]
[#b4cad3 755MiB/755MiB(99%) CN:1 DL:0B]
[#b4cad3 755MiB/755MiB(99%) CN:1 DL:7.4KiB ETA:4s]
[#b4cad3 755MiB/755MiB(99%) CN:1 DL:3.7KiB ETA:8s]
[#b4cad3 755MiB/755MiB(99%) CN:1 DL:4.1KiB ETA:3s]
[#b4cad3 755MiB/755MiB(99%) CN:1 DL:3.2KiB ETA:4s]
[#b4cad3 755MiB/755MiB(99%) CN:1 DL:2.6KiB ETA:5s]
[#b4cad3 755MiB/755MiB(99%) CN:1 DL:2.2KiB ETA:7s]
[#b4cad3 755MiB/755MiB(99%) CN:1 DL:1.9KiB ETA:8s]
[#b4cad3 755MiB/755MiB(99%) CN:1 DL:1.7KiB ETA:9s]
[#b4cad3 755MiB/755MiB(99%) CN:1 DL:1.5KiB ETA:10s]
[#b4cad3 755MiB/755MiB(99%) CN:1 DL:0.9KiB ETA:16s]
[#b4cad3 755MiB/755MiB(99%) CN:1 DL:1.6KiB ETA:9s]

Download Results:
gid   |stat|avg speed  |path/URI
======+====+===========+=======================================================
b4cad3|OK  |   5.6MiB/s|/home/xi/tmp/plant_m6A_data/GSE174573/fastq/SRR14570277_2.fastq.gz.part

Status Legend:
(OK):download completed.
=== SRR14570277 fastp ===
=== SRR14570277 hisat2 ===
[bam_sort_core] merging from 1 files and 4 in-memory blocks...
=== SRR14570278 download ===
[#c062b7 0B/0B CN:1 DL:0B]
[#c062b7 0B/0B CN:1 DL:0B]
[#c062b7 0B/0B CN:1 DL:0B]
[#c062b7 0B/0B CN:1 DL:0B]
[#c062b7 0B/0B CN:1 DL:0B]
[#c062b7 0B/0B CN:1 DL:0B]
[#c062b7 0B/0B CN:1 DL:0B]
[#c062b7 0B/0B CN:1 DL:0B]
[#c062b7 0B/0B CN:1 DL:0B]
[#c062b7 10MiB/806MiB(1%) CN:16 DL:14MiB ETA:54s]
[#c062b7 33MiB/806MiB(4%) CN:16 DL:19MiB ETA:40s]
[#c062b7 57MiB/806MiB(7%) CN:16 DL:20MiB ETA:36s]
[#c062b7 81MiB/806MiB(10%) CN:16 DL:21MiB ETA:33s]
[#c062b7 102MiB/806MiB(12%) CN:16 DL:21MiB ETA:33s]
[#c062b7 124MiB/806MiB(15%) CN:16 DL:21MiB ETA:31s]
[#c062b7 147MiB/806MiB(18%) CN:16 DL:21MiB ETA:30s]
[#c062b7 171MiB/806MiB(21%) CN:16 DL:21MiB ETA:29s]
[#c062b7 193MiB/806MiB(24%) CN:16 DL:21MiB ETA:28s]
[#c062b7 217MiB/806MiB(27%) CN:16 DL:21MiB ETA:26s]
[#c062b7 238MiB/806MiB(29%) CN:16 DL:18MiB ETA:31s]
[#c062b7 262MiB/806MiB(32%) CN:16 DL:18MiB ETA:29s]
[#c062b7 282MiB/806MiB(35%) CN:16 DL:18MiB ETA:28s]
[#c062b7 308MiB/806MiB(38%) CN:16 DL:18MiB ETA:26s]
[#c062b7 330MiB/806MiB(40%) CN:16 DL:18MiB ETA:25s]
[#c062b7 352MiB/806MiB(43%) CN:16 DL:18MiB ETA:24s]
[#c062b7 377MiB/806MiB(46%) CN:16 DL:18MiB ETA:23s]
[#c062b7 400MiB/806MiB(49%) CN:16 DL:18MiB ETA:21s]
[#c062b7 424MiB/806MiB(52%) CN:16 DL:22MiB ETA:16s]
[#c062b7 448MiB/806MiB(55%) CN:16 DL:22MiB ETA:15s]
[#c062b7 473MiB/806MiB(58%) CN:16 DL:22MiB ETA:14s]
[#c062b7 495MiB/806MiB(61%) CN:16 DL:22MiB ETA:13s]
[#c062b7 519MiB/806MiB(64%) CN:16 DL:22MiB ETA:12s]
[#c062b7 543MiB/806MiB(67%) CN:16 DL:23MiB ETA:11s]
[#c062b7 565MiB/806MiB(70%) CN:16 DL:22MiB ETA:10s]
[#c062b7 589MiB/806MiB(73%) CN:16 DL:23MiB ETA:9s]
[#c062b7 613MiB/806MiB(76%) CN:16 DL:23MiB ETA:8s]
[#c062b7 635MiB/806MiB(78%) CN:16 DL:22MiB ETA:7s]
[#c062b7 642MiB/806MiB(79%) CN:16 DL:15MiB ETA:10s]
[#c062b7 654MiB/806MiB(81%) CN:16 DL:14MiB ETA:10s]
[#c062b7 668MiB/806MiB(82%) CN:16 DL:13MiB ETA:10s]
[#c062b7 672MiB/806MiB(83%) CN:16 DL:11MiB ETA:11s]
[#c062b7 679MiB/806MiB(84%) CN:16 DL:9.6MiB ETA:13s]
[#c062b7 699MiB/806MiB(86%) CN:15 DL:9.1MiB ETA:11s]
[#c062b7 720MiB/806MiB(89%) CN:12 DL:8.9MiB ETA:9s]
[#c062b7 741MiB/806MiB(91%) CN:12 DL:14MiB ETA:4s]
[#c062b7 766MiB/806MiB(95%) CN:11 DL:15MiB ETA:2s]
[#c062b7 785MiB/806MiB(97%) CN:10 DL:15MiB ETA:1s]
[#c062b7 789MiB/806MiB(97%) CN:9 DL:14MiB ETA:1s]
[#c062b7 791MiB/806MiB(98%) CN:4 DL:13MiB ETA:1s]
[#c062b7 791MiB/806MiB(98%) CN:3 DL:12MiB ETA:1s]
[#c062b7 791MiB/806MiB(98%) CN:2 DL:11MiB ETA:1s]
[#c062b7 791MiB/806MiB(98%) CN:2 DL:9.5MiB ETA:1s]
[#c062b7 791MiB/806MiB(98%) CN:2 DL:7.3MiB ETA:2s]
[#c062b7 791MiB/806MiB(98%) CN:2 DL:4.9MiB ETA:3s]
 *** Download Progress Summary as of Thu Sep 10 17:15:00 2026 *** 
===============================================================================
[#c062b7 791MiB/806MiB(98%) CN:2 DL:2.3MiB ETA:6s]
FILE: /home/xi/tmp/plant_m6A_data/GSE174573/fastq/SRR14570278_1.fastq.gz.part
-------------------------------------------------------------------------------

[#c062b7 791MiB/806MiB(98%) CN:2 DL:2.3MiB ETA:6s]
[#c062b7 791MiB/806MiB(98%) CN:2 DL:141KiB ETA:1m47s]
[#c062b7 791MiB/806MiB(98%) CN:2 DL:27KiB ETA:9m17s]
[#c062b7 791MiB/806MiB(98%) CN:2 DL:6.2KiB ETA:40m1s]
[#c062b7 791MiB/806MiB(98%) CN:2 DL:58KiB ETA:4m17s]
[#c062b7 791MiB/806MiB(98%) CN:2 DL:43KiB ETA:5m44s]
[#c062b7 791MiB/806MiB(98%) CN:2 DL:34KiB ETA:7m11s]
[#c062b7 791MiB/806MiB(98%) CN:2 DL:28KiB ETA:8m39s]
[#c062b7 791MiB/806MiB(98%) CN:2 DL:24KiB ETA:10m6s]
[#c062b7 791MiB/806MiB(98%) CN:2 DL:21KiB ETA:11m33s]
[#c062b7 791MiB/806MiB(98%) CN:2 DL:19KiB ETA:13m]
[#c062b7 791MiB/806MiB(98%) CN:2 DL:17KiB ETA:14m28s]
[#c062b7 791MiB/806MiB(98%) CN:2 DL:12KiB ETA:19m49s]
[#c062b7 791MiB/806MiB(98%) CN:2 DL:0B]
[#c062b7 791MiB/806MiB(98%) CN:1 DL:28KiB ETA:8m47s]
[#c062b7 791MiB/806MiB(98%) CN:1 DL:14KiB ETA:17m22s]
[#c062b7 791MiB/806MiB(98%) CN:1 DL:9.5KiB ETA:25m58s]
[#c062b7 791MiB/806MiB(98%) CN:1 DL:7.1KiB ETA:34m33s]
[#c062b7 791MiB/806MiB(98%) CN:1 DL:5.7KiB ETA:43m9s]
[#c062b7 791MiB/806MiB(98%) CN:1 DL:4.8KiB ETA:51m45s]
[#c062b7 791MiB/806MiB(98%) CN:1 DL:4.1KiB ETA:1h20s]
[#c062b7 791MiB/806MiB(98%) CN:1 DL:3.6KiB ETA:1h8m55s]
[#c062b7 791MiB/806MiB(98%) CN:1 DL:3.2KiB ETA:1h17m31s]
[#c062b7 791MiB/806MiB(98%) CN:1 DL:0B]
[#c062b7 791MiB/806MiB(98%) CN:1 DL:0B]
[#c062b7 791MiB/806MiB(98%) CN:1 DL:0B]
[#c062b7 791MiB/806MiB(98%) CN:1 DL:0B]
[#c062b7 791MiB/806MiB(98%) CN:1 DL:0B]
[#c062b7 791MiB/806MiB(98%) CN:1 DL:0B]
[#c062b7 791MiB/806MiB(98%) CN:1 DL:0B]
[#c062b7 791MiB/806MiB(98%) CN:1 DL:0B]
[#c062b7 791MiB/806MiB(98%) CN:1 DL:0B]
[#c062b7 791MiB/806MiB(98%) CN:1 DL:0B]
[#c062b7 791MiB/806MiB(98%) CN:1 DL:0B]
[#c062b7 791MiB/806MiB(98%) CN:1 DL:0B]
[#c062b7 791MiB/806MiB(98%) CN:1 DL:0B]
[#c062b7 792MiB/806MiB(98%) CN:1 DL:1.3MiB ETA:10s]
[#c062b7 798MiB/806MiB(99%) CN:1 DL:5.1MiB ETA:1s]

Download Results:
gid   |stat|avg speed  |path/URI
======+====+===========+=======================================================
c062b7|OK  |   8.8MiB/s|/home/xi/tmp/plant_m6A_data/GSE174573/fastq/SRR14570278_1.fastq.gz.part

Status Legend:
(OK):download completed.
[#fccad9 0B/0B CN:1 DL:0B]
[#fccad9 0B/0B CN:1 DL:0B]
[#fccad9 0B/0B CN:1 DL:0B]
[#fccad9 0B/0B CN:1 DL:0B]
[#fccad9 0B/0B CN:1 DL:0B]
[#fccad9 10MiB/888MiB(1%) CN:16 DL:17MiB ETA:50s]
[#fccad9 32MiB/888MiB(3%) CN:16 DL:20MiB ETA:41s]
[#fccad9 54MiB/888MiB(6%) CN:16 DL:21MiB ETA:39s]
[#fccad9 77MiB/888MiB(8%) CN:16 DL:21MiB ETA:37s]
[#fccad9 100MiB/888MiB(11%) CN:16 DL:21MiB ETA:36s]
[#fccad9 124MiB/888MiB(13%) CN:16 DL:22MiB ETA:34s]
[#fccad9 145MiB/888MiB(16%) CN:16 DL:22MiB ETA:33s]
[#fccad9 168MiB/888MiB(18%) CN:16 DL:22MiB ETA:32s]
[#fccad9 183MiB/888MiB(20%) CN:16 DL:19MiB ETA:36s]
[#fccad9 203MiB/888MiB(22%) CN:16 DL:19MiB ETA:35s]
[#fccad9 226MiB/888MiB(25%) CN:16 DL:19MiB ETA:34s]
[#fccad9 248MiB/888MiB(28%) CN:16 DL:19MiB ETA:33s]
[#fccad9 273MiB/888MiB(30%) CN:16 DL:19MiB ETA:31s]
[#fccad9 297MiB/888MiB(33%) CN:16 DL:19MiB ETA:30s]
[#fccad9 319MiB/888MiB(35%) CN:16 DL:19MiB ETA:29s]
[#fccad9 342MiB/888MiB(38%) CN:16 DL:19MiB ETA:28s]
[#fccad9 366MiB/888MiB(41%) CN:16 DL:19MiB ETA:26s]
[#fccad9 388MiB/888MiB(43%) CN:16 DL:22MiB ETA:22s]
[#fccad9 412MiB/888MiB(46%) CN:16 DL:22MiB ETA:20s]
[#fccad9 434MiB/888MiB(48%) CN:16 DL:22MiB ETA:19s]
[#fccad9 458MiB/888MiB(51%) CN:16 DL:22MiB ETA:18s]
[#fccad9 482MiB/888MiB(54%) CN:16 DL:22MiB ETA:17s]
[#fccad9 507MiB/888MiB(57%) CN:16 DL:22MiB ETA:16s]
[#fccad9 530MiB/888MiB(59%) CN:16 DL:23MiB ETA:15s]
[#fccad9 547MiB/888MiB(61%) CN:16 DL:14MiB ETA:22s]
[#fccad9 569MiB/888MiB(64%) CN:16 DL:14MiB ETA:21s]
[#fccad9 593MiB/888MiB(66%) CN:16 DL:15MiB ETA:19s]
[#fccad9 614MiB/888MiB(69%) CN:16 DL:13MiB ETA:19s]
[#fccad9 636MiB/888MiB(71%) CN:16 DL:13MiB ETA:18s]
[#fccad9 659MiB/888MiB(74%) CN:16 DL:13MiB ETA:16s]
[#fccad9 684MiB/888MiB(77%) CN:16 DL:21MiB ETA:9s]
[#fccad9 710MiB/888MiB(79%) CN:16 DL:21MiB ETA:8s]
[#fccad9 733MiB/888MiB(82%) CN:15 DL:21MiB ETA:7s]
[#fccad9 754MiB/888MiB(84%) CN:16 DL:21MiB ETA:6s]
[#fccad9 775MiB/888MiB(87%) CN:16 DL:21MiB ETA:5s]
[#fccad9 799MiB/888MiB(90%) CN:15 DL:21MiB ETA:4s]
[#fccad9 815MiB/888MiB(91%) CN:13 DL:22MiB ETA:3s]
[#fccad9 820MiB/888MiB(92%) CN:11 DL:20MiB ETA:3s]
[#fccad9 832MiB/888MiB(93%) CN:9 DL:18MiB ETA:2s]
[#fccad9 839MiB/888MiB(94%) CN:7 DL:15MiB ETA:3s]
[#fccad9 839MiB/888MiB(94%) CN:7 DL:12MiB ETA:3s]
[#fccad9 839MiB/888MiB(94%) CN:7 DL:10MiB ETA:4s]
[#fccad9 841MiB/888MiB(94%) CN:7 DL:8.7MiB ETA:5s]
[#fccad9 852MiB/888MiB(95%) CN:7 DL:5.4MiB ETA:6s]
[#fccad9 852MiB/888MiB(95%) CN:7 DL:3.8MiB ETA:9s]
[#fccad9 852MiB/888MiB(95%) CN:7 DL:3.4MiB ETA:10s]
[#fccad9 852MiB/888MiB(95%) CN:7 DL:1.9MiB ETA:18s]
[#fccad9 853MiB/888MiB(96%) CN:5 DL:2.4MiB ETA:13s]
 *** Download Progress Summary as of Thu Sep 10 17:16:56 2026 *** 
===============================================================================
[#fccad9 859MiB/888MiB(96%) CN:4 DL:2.6MiB ETA:10s]
FILE: /home/xi/tmp/plant_m6A_data/GSE174573/fastq/SRR14570278_2.fastq.gz.part
-------------------------------------------------------------------------------

[#fccad9 859MiB/888MiB(96%) CN:4 DL:2.6MiB ETA:10s]
[#fccad9 859MiB/888MiB(96%) CN:4 DL:2.3MiB ETA:12s]
[#fccad9 859MiB/888MiB(96%) CN:4 DL:2.1MiB ETA:13s]
[#fccad9 859MiB/888MiB(96%) CN:4 DL:1.3MiB ETA:21s]
[#fccad9 859MiB/888MiB(96%) CN:3 DL:1.0MiB ETA:28s]
[#fccad9 859MiB/888MiB(96%) CN:3 DL:910KiB ETA:31s]
[#fccad9 859MiB/888MiB(96%) CN:3 DL:815KiB ETA:35s]
[#fccad9 859MiB/888MiB(96%) CN:3 DL:468KiB ETA:1m2s]
[#fccad9 859MiB/888MiB(96%) CN:3 DL:22KiB ETA:21m52s]
[#fccad9 859MiB/888MiB(96%) CN:3 DL:18KiB ETA:26m11s]
[#fccad9 859MiB/888MiB(96%) CN:3 DL:15KiB ETA:30m29s]
[#fccad9 859MiB/888MiB(96%) CN:3 DL:14KiB ETA:33m36s]
[#fccad9 859MiB/888MiB(96%) CN:3 DL:12KiB ETA:37m38s]
[#fccad9 859MiB/888MiB(96%) CN:3 DL:2.6KiB ETA:3h6m25s]
[#fccad9 859MiB/888MiB(96%) CN:3 DL:1.9KiB ETA:4h8m35s]
[#fccad9 859MiB/888MiB(96%) CN:3 DL:1.5KiB ETA:5h10m51s]
[#fccad9 859MiB/888MiB(96%) CN:3 DL:2.5KiB ETA:3h7m18s]
[#fccad9 860MiB/888MiB(96%) CN:3 DL:101KiB ETA:4m40s]
[#fccad9 864MiB/888MiB(97%) CN:3 DL:580KiB ETA:42s]
[#fccad9 869MiB/888MiB(97%) CN:3 DL:1.0MiB ETA:18s]
[#fccad9 869MiB/888MiB(97%) CN:2 DL:1.9MiB ETA:9s]
[#fccad9 869MiB/888MiB(97%) CN:2 DL:1.5MiB ETA:11s]
[#fccad9 869MiB/888MiB(97%) CN:2 DL:1.3MiB ETA:13s]
[#fccad9 869MiB/888MiB(97%) CN:2 DL:1.2MiB ETA:15s]
[#fccad9 869MiB/888MiB(97%) CN:2 DL:1.0MiB ETA:17s]
[#fccad9 869MiB/888MiB(97%) CN:2 DL:1.0MiB ETA:17s]
[#fccad9 869MiB/888MiB(97%) CN:2 DL:0.9MiB ETA:18s]
[#fccad9 869MiB/888MiB(97%) CN:2 DL:564KiB ETA:33s]
[#fccad9 869MiB/888MiB(97%) CN:2 DL:671B ETA:8h5m54s]
[#fccad9 869MiB/888MiB(97%) CN:2 DL:7.7KiB ETA:41m17s]
[#fccad9 869MiB/888MiB(97%) CN:2 DL:7.5KiB ETA:42m20s]
[#fccad9 869MiB/888MiB(97%) CN:2 DL:65KiB ETA:4m48s]
[#fccad9 869MiB/888MiB(97%) CN:2 DL:51KiB ETA:6m9s]
[#fccad9 869MiB/888MiB(97%) CN:2 DL:41KiB ETA:7m30s]
[#fccad9 869MiB/888MiB(97%) CN:2 DL:35KiB ETA:8m51s]
[#fccad9 870MiB/888MiB(98%) CN:2 DL:135KiB ETA:2m13s]
[#fccad9 879MiB/888MiB(99%) CN:1 DL:1.1MiB ETA:7s]
[#fccad9 885MiB/888MiB(99%) CN:1 DL:1.6MiB ETA:1s]

Download Results:
gid   |stat|avg speed  |path/URI
======+====+===========+=======================================================
fccad9|OK  |   9.3MiB/s|/home/xi/tmp/plant_m6A_data/GSE174573/fastq/SRR14570278_2.fastq.gz.part

Status Legend:
(OK):download completed.
=== SRR14570278 fastp ===
=== SRR14570278 hisat2 ===
[bam_sort_core] merging from 1 files and 4 in-memory blocks...
=== SRR14570279 download ===
[#d08482 0B/0B CN:1 DL:0B]
[#d08482 0B/0B CN:1 DL:0B]
[#d08482 0B/0B CN:1 DL:0B]
[#d08482 4.0MiB/879MiB(0%) CN:16 DL:10MiB ETA:1m21s]
[#d08482 17MiB/879MiB(1%) CN:16 DL:12MiB ETA:1m9s]
[#d08482 29MiB/879MiB(3%) CN:16 DL:12MiB ETA:1m8s]
[#d08482 42MiB/879MiB(4%) CN:16 DL:12MiB ETA:1m7s]
[#d08482 54MiB/879MiB(6%) CN:16 DL:11MiB ETA:1m10s]
[#d08482 73MiB/879MiB(8%) CN:16 DL:12MiB ETA:1m2s]
[#d08482 97MiB/879MiB(11%) CN:16 DL:14MiB ETA:53s]
[#d08482 124MiB/879MiB(14%) CN:16 DL:16MiB ETA:47s]
[#d08482 146MiB/879MiB(16%) CN:16 DL:16MiB ETA:43s]
[#d08482 168MiB/879MiB(19%) CN:16 DL:17MiB ETA:41s]
[#d08482 192MiB/879MiB(21%) CN:16 DL:18MiB ETA:37s]
[#d08482 215MiB/879MiB(24%) CN:16 DL:19MiB ETA:34s]
[#d08482 239MiB/879MiB(27%) CN:16 DL:20MiB ETA:30s]
[#d08482 259MiB/879MiB(29%) CN:16 DL:21MiB ETA:28s]
[#d08482 283MiB/879MiB(32%) CN:16 DL:22MiB ETA:26s]
[#d08482 308MiB/879MiB(35%) CN:16 DL:22MiB ETA:24s]
[#d08482 309MiB/879MiB(35%) CN:16 DL:17MiB ETA:33s]
[#d08482 333MiB/879MiB(37%) CN:16 DL:17MiB ETA:31s]
[#d08482 356MiB/879MiB(40%) CN:16 DL:17MiB ETA:30s]
[#d08482 378MiB/879MiB(43%) CN:16 DL:16MiB ETA:29s]
[#d08482 402MiB/879MiB(45%) CN:16 DL:17MiB ETA:27s]
[#d08482 423MiB/879MiB(48%) CN:16 DL:16MiB ETA:26s]
[#d08482 448MiB/879MiB(50%) CN:16 DL:17MiB ETA:25s]
[#d08482 469MiB/879MiB(53%) CN:16 DL:17MiB ETA:23s]
[#d08482 494MiB/879MiB(56%) CN:16 DL:18MiB ETA:20s]
[#d08482 515MiB/879MiB(58%) CN:16 DL:22MiB ETA:16s]
[#d08482 543MiB/879MiB(61%) CN:16 DL:22MiB ETA:14s]
[#d08482 563MiB/879MiB(64%) CN:16 DL:22MiB ETA:14s]
[#d08482 589MiB/879MiB(67%) CN:16 DL:23MiB ETA:12s]
[#d08482 612MiB/879MiB(69%) CN:16 DL:22MiB ETA:11s]
[#d08482 632MiB/879MiB(71%) CN:16 DL:22MiB ETA:10s]
[#d08482 658MiB/879MiB(74%) CN:16 DL:22MiB ETA:9s]
[#d08482 681MiB/879MiB(77%) CN:16 DL:14MiB ETA:13s]
[#d08482 700MiB/879MiB(79%) CN:16 DL:14MiB ETA:12s]
[#d08482 719MiB/879MiB(81%) CN:16 DL:14MiB ETA:11s]
[#d08482 745MiB/879MiB(84%) CN:16 DL:14MiB ETA:9s]
[#d08482 765MiB/879MiB(87%) CN:16 DL:14MiB ETA:7s]
[#d08482 790MiB/879MiB(89%) CN:14 DL:14MiB ETA:6s]
[#d08482 813MiB/879MiB(92%) CN:12 DL:21MiB ETA:3s]
[#d08482 837MiB/879MiB(95%) CN:11 DL:22MiB ETA:1s]
[#d08482 858MiB/879MiB(97%) CN:9 DL:21MiB]
[#d08482 879MiB/879MiB(99%) CN:1 DL:21MiB]

Download Results:
gid   |stat|avg speed  |path/URI
======+====+===========+=======================================================
d08482|OK  |    18MiB/s|/home/xi/tmp/plant_m6A_data/GSE174573/fastq/SRR14570279_1.fastq.gz.part

Status Legend:
(OK):download completed.
[#0147c3 0B/0B CN:1 DL:0B]
[#0147c3 0B/0B CN:1 DL:0B]
[#0147c3 5.2MiB/907MiB(0%) CN:16 DL:12MiB ETA:1m9s]
[#0147c3 28MiB/907MiB(3%) CN:16 DL:20MiB ETA:43s]
[#0147c3 53MiB/907MiB(5%) CN:16 DL:21MiB ETA:38s]
[#0147c3 73MiB/907MiB(8%) CN:16 DL:21MiB ETA:39s]
[#0147c3 99MiB/907MiB(10%) CN:16 DL:22MiB ETA:36s]
[#0147c3 124MiB/907MiB(13%) CN:16 DL:22MiB ETA:34s]
[#0147c3 127MiB/907MiB(14%) CN:16 DL:18MiB ETA:41s]
[#0147c3 152MiB/907MiB(16%) CN:16 DL:19MiB ETA:39s]
[#0147c3 178MiB/907MiB(19%) CN:16 DL:19MiB ETA:36s]
[#0147c3 197MiB/907MiB(21%) CN:16 DL:19MiB ETA:35s]
[#0147c3 221MiB/907MiB(24%) CN:16 DL:20MiB ETA:33s]
[#0147c3 243MiB/907MiB(26%) CN:16 DL:20MiB ETA:32s]
[#0147c3 267MiB/907MiB(29%) CN:16 DL:20MiB ETA:31s]
[#0147c3 289MiB/907MiB(31%) CN:16 DL:20MiB ETA:30s]
[#0147c3 314MiB/907MiB(34%) CN:16 DL:20MiB ETA:28s]
[#0147c3 337MiB/907MiB(37%) CN:16 DL:22MiB ETA:25s]
[#0147c3 360MiB/907MiB(39%) CN:16 DL:22MiB ETA:23s]
[#0147c3 383MiB/907MiB(42%) CN:16 DL:22MiB ETA:23s]
[#0147c3 406MiB/907MiB(44%) CN:16 DL:22MiB ETA:21s]
[#0147c3 430MiB/907MiB(47%) CN:16 DL:22MiB ETA:20s]
[#0147c3 452MiB/907MiB(49%) CN:16 DL:22MiB ETA:19s]
[#0147c3 455MiB/907MiB(50%) CN:16 DL:20MiB ETA:22s]
[#0147c3 455MiB/907MiB(50%) CN:16 DL:15MiB ETA:29s]
[#0147c3 480MiB/907MiB(52%) CN:16 DL:15MiB ETA:27s]
[#0147c3 501MiB/907MiB(55%) CN:16 DL:15MiB ETA:25s]
[#0147c3 526MiB/907MiB(58%) CN:16 DL:16MiB ETA:23s]
[#0147c3 548MiB/907MiB(60%) CN:16 DL:15MiB ETA:22s]
[#0147c3 573MiB/907MiB(63%) CN:16 DL:16MiB ETA:20s]
[#0147c3 594MiB/907MiB(65%) CN:16 DL:16MiB ETA:19s]
[#0147c3 618MiB/907MiB(68%) CN:16 DL:18MiB ETA:16s]
[#0147c3 640MiB/907MiB(70%) CN:16 DL:22MiB ETA:11s]
[#0147c3 665MiB/907MiB(73%) CN:16 DL:23MiB ETA:10s]
[#0147c3 687MiB/907MiB(75%) CN:16 DL:22MiB ETA:9s]
[#0147c3 711MiB/907MiB(78%) CN:16 DL:23MiB ETA:8s]
[#0147c3 733MiB/907MiB(80%) CN:16 DL:22MiB ETA:7s]
[#0147c3 741MiB/907MiB(81%) CN:16 DL:20MiB ETA:8s]
[#0147c3 741MiB/907MiB(81%) CN:16 DL:17MiB ETA:9s]
[#0147c3 761MiB/907MiB(83%) CN:16 DL:16MiB ETA:8s]
[#0147c3 783MiB/907MiB(86%) CN:14 DL:16MiB ETA:7s]
[#0147c3 808MiB/907MiB(89%) CN:14 DL:16MiB ETA:5s]
[#0147c3 832MiB/907MiB(91%) CN:14 DL:16MiB ETA:4s]
[#0147c3 857MiB/907MiB(94%) CN:11 DL:17MiB ETA:2s]
[#0147c3 875MiB/907MiB(96%) CN:7 DL:16MiB ETA:1s]
[#0147c3 886MiB/907MiB(97%) CN:3 DL:15MiB ETA:1s]
[#0147c3 886MiB/907MiB(97%) CN:2 DL:15MiB ETA:1s]
[#0147c3 892MiB/907MiB(98%) CN:2 DL:16MiB]
[#0147c3 900MiB/907MiB(99%) CN:2 DL:12MiB]
[#0147c3 900MiB/907MiB(99%) CN:2 DL:9.9MiB]
[#0147c3 900MiB/907MiB(99%) CN:2 DL:7.4MiB ETA:1s]
[#0147c3 900MiB/907MiB(99%) CN:2 DL:4.6MiB ETA:1s]
[#0147c3 903MiB/907MiB(99%) CN:2 DL:3.0MiB ETA:1s]
[#0147c3 907MiB/907MiB(99%) CN:2 DL:2.2MiB]
[#0147c3 907MiB/907MiB(99%) CN:2 DL:2.2MiB]
 *** Download Progress Summary as of Thu Sep 10 17:24:40 2026 *** 
===============================================================================
[#0147c3 907MiB/907MiB(99%) CN:2 DL:1.5MiB]
FILE: /home/xi/tmp/plant_m6A_data/GSE174573/fastq/SRR14570279_2.fastq.gz.part
-------------------------------------------------------------------------------

[#0147c3 907MiB/907MiB(99%) CN:2 DL:1.5MiB]
[#0147c3 907MiB/907MiB(99%) CN:2 DL:1.4MiB]

Download Results:
gid   |stat|avg speed  |path/URI
======+====+===========+=======================================================
0147c3|OK  |    15MiB/s|/home/xi/tmp/plant_m6A_data/GSE174573/fastq/SRR14570279_2.fastq.gz.part

Status Legend:
(OK):download completed.
=== SRR14570279 fastp ===
=== SRR14570279 hisat2 ===
